DATE,ICSA
2019-01-05,225000
2019-01-12,218000
2019-01-19,214000
2019-01-26,234000
2019-02-02,232000
2019-02-09,226000
2019-02-16,211000
2019-02-23,221000
2019-03-02,216000
2019-03-09,218000
2019-03-16,212000
2019-03-23,210000
2019-03-30,203000
2019-04-06,196000
2019-04-13,197000
2019-04-20,222000
2019-04-27,224000
2019-05-04,225000
2019-05-11,212000
2019-05-18,215000
2019-05-25,222000
2019-06-01,223000
2019-06-08,226000
2019-06-15,217000
2019-06-22,234000
2019-06-29,226000
2019-07-06,215000
2019-07-13,211000
2019-07-20,202000
2019-07-27,206000
2019-08-03,208000
2019-08-10,212000
2019-08-17,207000
2019-08-24,213000
2019-08-31,215000
2019-09-07,207000
2019-09-14,205000
2019-09-21,211000
2019-09-28,215000
2019-10-05,209000
2019-10-12,215000
2019-10-19,210000
2019-10-26,215000
2019-11-02,214000
2019-11-09,227000
2019-11-16,229000
2019-11-23,221000
2019-11-30,231000
2019-12-07,247000
2019-12-14,236000
2019-12-21,230000
2019-12-28,231000
2020-01-04,224000
2020-01-11,207000
2020-01-18,221000
2020-01-25,210000
2020-02-01,207000
2020-02-08,202000
2020-02-15,209000
2020-02-22,218000
2020-02-29,215000
2020-03-07,208000
2020-03-14,273000
2020-03-21,2914000
2020-03-28,5946000
2020-04-04,6137000
2020-04-11,4869000
2020-04-18,4201000
2020-04-25,3446000
2020-05-02,2796000
2020-05-09,2335000
2020-05-16,2176000
2020-05-23,1921000
2020-05-30,1639000
2020-06-06,1575000
2020-06-13,1473000
2020-06-20,1467000
2020-06-27,1446000
2020-07-04,1413000
2020-07-11,1468000
2020-07-18,1393000
2020-07-25,1260000
2020-08-01,1044000
2020-08-08,884000
2020-08-15,927000
2020-08-22,876000
2020-08-29,881000
2020-09-05,892000
2020-09-12,861000
2020-09-19,859000
2020-09-26,795000
2020-10-03,785000
2020-10-10,839000
2020-10-17,804000
2020-10-24,776000
2020-10-31,773000
2020-11-07,737000
2020-11-14,738000
2020-11-21,793000
2020-11-28,737000
2020-12-05,873000
2020-12-12,886000
2020-12-19,815000
2020-12-26,773000
2021-01-02,803000
2021-01-09,890000
2021-01-16,844000
2021-01-23,799000
2021-01-30,803000
2021-02-06,812000
2021-02-13,802000
2021-02-20,702000
2021-02-27,704000
2021-03-06,693000
2021-03-13,699000
2021-03-20,627000
2021-03-27,658000
2021-04-03,645000
2021-04-10,571000
2021-04-17,566000
2021-04-24,574000
2021-05-01,517000
2021-05-08,494000
2021-05-15,467000
2021-05-22,441000
2021-05-29,427000
2021-06-05,420000
2021-06-12,428000
2021-06-19,422000
2021-06-26,368000
2021-07-03,371000
2021-07-10,333000
2021-07-17,387000
2021-07-24,380000
2021-07-31,379000
2021-08-07,361000
2021-08-14,367000
2021-08-21,358000
2021-08-28,353000
2021-09-04,335000
2021-09-11,342000
2021-09-18,367000
2021-09-25,375000
2021-10-02,312000
2021-10-09,291000
2021-10-16,289000
2021-10-23,269000
2021-10-30,261000
2021-11-06,251000
2021-11-13,250000
2021-11-20,224000
2021-11-27,221000
2021-12-04,206000
2021-12-11,227000
2021-12-18,215000
2021-12-25,217000
2022-01-01,229000
2022-01-08,250000
2022-01-15,246000
2022-01-22,240000
2022-01-29,231000
2022-02-05,210000
2022-02-12,234000
2022-02-19,224000
2022-02-26,208000
2022-03-05,222000
2022-03-12,217000
2022-03-19,207000
2022-03-26,214000
2022-04-02,214000
2022-04-09,214000
2022-04-16,210000
2022-04-23,209000
2022-04-30,218000
2022-05-07,204000
2022-05-14,225000
2022-05-21,211000
2022-05-28,199000
2022-06-04,213000
2022-06-11,211000
2022-06-18,214000
2022-06-25,212000
2022-07-02,214000
2022-07-09,212000
2022-07-16,216000
2022-07-23,221000
2022-07-30,228000
2022-08-06,221000
2022-08-13,220000
2022-08-20,215000
2022-08-27,210000
2022-09-03,203000
2022-09-10,195000
2022-09-17,202000
2022-09-24,190000
2022-10-01,203000
2022-10-08,207000
2022-10-15,199000
2022-10-22,202000
2022-10-29,202000
2022-11-05,204000
2022-11-12,210000
2022-11-19,220000
2022-11-26,209000
2022-12-03,209000
2022-12-10,209000
2022-12-17,213000
2022-12-24,205000
2022-12-31,205000
2023-01-07,210000
2023-01-14,204000
2023-01-21,204000
2023-01-28,200000
2023-02-04,215000
2023-02-11,220000
2023-02-18,217000
2023-02-25,207000
2023-03-04,230000
2023-03-11,222000
2023-03-18,230000
2023-03-25,234000
2023-04-01,217000
2023-04-08,220000
2023-04-15,223000
2023-04-22,209000
2023-04-29,213000
2023-05-06,223000
2023-05-13,225000
2023-05-20,227000
2023-05-27,229000
2023-06-03,252000
2023-06-10,256000
2023-06-17,259000
2023-06-24,236000
2023-07-01,248000
2023-07-08,230000
2023-07-15,229000
2023-07-22,231000
2023-07-29,238000
2023-08-05,258000
2023-08-12,248000
2023-08-19,240000
2023-08-26,234000
2023-09-02,225000
2023-09-09,225000
2023-09-16,211000
2023-09-23,216000
2023-09-30,216000
2023-10-07,210000
2023-10-14,200000
2023-10-21,214000
2023-10-28,217000
2023-11-04,216000
2023-11-11,230000
2023-11-18,213000
2023-11-25,213000
2023-12-02,215000
2023-12-09,203000
2023-12-16,209000
2023-12-23,212000
2023-12-30,200000
2024-01-06,201000
2024-01-13,195000
2024-01-20,224000
2024-01-27,226000
2024-02-03,213000
2024-02-10,213000
2024-02-17,202000
2024-02-24,212000
2024-03-02,213000
2024-03-09,213000
2024-03-16,213000
2024-03-23,214000
2024-03-30,223000
2024-04-06,213000
2024-04-13,212000
2024-04-20,209000
2024-04-27,207000
2024-05-04,230000
2024-05-11,222000
2024-05-18,216000
2024-05-25,220000
2024-06-01,227000
2024-06-08,240000
2024-06-15,236000
2024-06-22,233000
2024-06-29,238000
2024-07-06,223000
2024-07-13,241000
2024-07-20,237000
2024-07-27,248000
2024-08-03,234000
2024-08-10,228000
2024-08-17,232000
2024-08-24,232000
2024-08-31,227000
2024-09-07,227000
2024-09-14,223000
2024-09-21,221000
2024-09-28,227000
2024-10-05,258000
2024-10-12,241000
2024-10-19,227000
2024-10-26,219000
2024-11-02,221000
2024-11-09,218000
2024-11-16,216000
2024-11-23,219000
2024-11-30,222000
2024-12-07,238000
2024-12-14,222000
2024-12-21,219000
2024-12-28,212000
2025-01-04,206000
2025-01-11,219000
2025-01-18,223000
2025-01-25,212000
2025-02-01,220000
2025-02-08,216000
2025-02-15,223000
2025-02-22,241000
2025-03-01,224000
2025-03-08,222000
2025-03-15,225000
2025-03-22,224000
2025-03-29,220000
2025-04-05,223000
2025-04-12,217000
2025-04-19,224000
2025-04-26,239000
2025-05-03,228000
2025-05-10,226000
2025-05-17,225000
2025-05-24,236000
2025-05-31,244000
2025-06-07,246000
2025-06-14,243000
2025-06-21,236000
2025-06-28,231000
2025-07-05,228000
2025-07-12,221000
2025-07-19,218000
2025-07-26,219000
2025-08-02,226000
2025-08-09,224000
2025-08-16,233000
2025-08-23,229000
2025-08-30,236000
2025-09-06,259000
2025-09-13,233000
2025-09-20,219000
2025-09-27,225000
2025-10-04,233000
2025-10-11,222000
2025-10-18,231000
2025-10-25,221000
2025-11-01,228000
2025-11-08,228000
2025-11-15,222000
2025-11-22,218000
2025-11-29,216000
2025-12-06,235000
2025-12-13,224000
2025-12-20,215000
2025-12-27,203000
2026-01-03,207000
2026-01-10,201000
2026-01-17,210000
2026-01-24,211000
2026-01-31,230000
2026-02-07,230000
2026-02-14,208000
2026-02-21,211000
2026-02-28,214000
2026-03-07,213000
2026-03-14,205000
2026-03-21,211000
2026-03-28,203000
2026-04-04,218000
2026-04-11,208000
2026-04-18,215000
2026-04-25,190000
2026-05-02,199000
2026-05-09,212000
2026-05-16,210000
2026-05-23,212000
2026-05-30,225000
2026-06-06,230000
2026-06-13,227000
2026-06-20,216000
2026-06-27,217000
2026-07-04,217000
2026-07-11,209000
2026-07-18,187000
