Date,Open,High,Low,Close,Volume
2024-08-28 09:30:00-04:00,17563.21484375,17758.203125,17484.994140625,17747.31640625,1679189000
2024-08-28 13:30:00-04:00,17552.44140625,17610.76171875,17439.8203125,17561.576171875,1390041000
2024-08-29 09:30:00-04:00,17724.4765625,17789.03125,17604.171875,17606.30078125,1476848000
2024-08-29 13:30:00-04:00,17519.0390625,17734.369140625,17482.603515625,17724.826171875,1765862000
2024-08-30 09:30:00-04:00,17565.5390625,17713.0546875,17499.212890625,17654.62109375,1550446000
2024-08-30 13:30:00-04:00,17717.029296875,17720.375,17546.958984375,17565.28515625,1179198000
2024-09-03 09:30:00-04:00,17282.87109375,17579.51171875,17249.966796875,17579.51171875,1566766000
2024-09-03 13:30:00-04:00,17133.265625,17286.794921875,17058.216796875,17282.701171875,1374099000
2024-09-04 09:30:00-04:00,17137.470703125,17232.509765625,16989.1015625,17012.10546875,1405225000
2024-09-04 13:30:00-04:00,17082.341796875,17150.69140625,17035.92578125,17137.712890625,1219439000
2024-09-05 09:30:00-04:00,17061.669921875,17295.279296875,17035.619140625,17065.0234375,1404590000
2024-09-05 13:30:00-04:00,17126.44921875,17183.5625,17061.060546875,17061.060546875,1135003000
2024-09-06 09:30:00-04:00,16728.70703125,17166.544921875,16669.716796875,17140.857421875,1626271000
2024-09-06 13:30:00-04:00,16690.841796875,16761.56640625,16668.572265625,16728.85546875,1217228000
2024-09-09 09:30:00-04:00,16911.708984375,16923.2734375,16734.046875,16839.37890625,1498144000
2024-09-09 13:30:00-04:00,16884.861328125,16910.8046875,16774.98046875,16910.638671875,1217832000
2024-09-10 09:30:00-04:00,16924.888671875,17018.126953125,16801.5625,16946.4921875,2640280000
2024-09-10 13:30:00-04:00,17031.376953125,17036.00390625,16923.423828125,16925.111328125,1279447000
2024-09-11 09:30:00-04:00,17163.248046875,17163.248046875,16788.36328125,17058.98828125,1227221000
2024-09-11 13:30:00-04:00,17394.01953125,17419.41796875,17158.935546875,17164.9453125,4715441000
2024-09-12 09:30:00-04:00,17538.888671875,17548.078125,17338.318359375,17410.28515625,1386798000
2024-09-12 13:30:00-04:00,17571.158203125,17605.72265625,17507.095703125,17538.9375,1262909000
2024-09-13 09:30:00-04:00,17707.203125,17711.876953125,17566.125,17576.421875,1483739000
2024-09-13 13:30:00-04:00,17681.671875,17719.017578125,17650.927734375,17707.212890625,1205608000
2024-09-16 09:30:00-04:00,17550.595703125,17618.0078125,17481.953125,17561.375,1382866000
2024-09-16 13:30:00-04:00,17587.8984375,17599.990234375,17550.666015625,17551.220703125,1198026000
2024-09-17 09:30:00-04:00,17627.740234375,17781.279296875,17567.572265625,17708.857421875,1568295000
2024-09-17 13:30:00-04:00,17626.94921875,17639.32421875,17544.638671875,17626.2265625,1199734000
2024-09-18 09:30:00-04:00,17654.271484375,17674.267578125,17556.431640625,17663.203125,1402020000
2024-09-18 13:30:00-04:00,17567.44140625,17832.703125,17566.384765625,17654.18359375,1917174000
2024-09-19 09:30:00-04:00,18070.6484375,18080.818359375,17910.892578125,17976.64453125,2614304484
2024-09-19 13:30:00-04:00,18011.505859375,18099.818359375,17995.873046875,18071.560546875,1373756000
2024-09-20 09:30:00-04:00,17954.470703125,18023.90625,17836.126953125,18003.009765625,3844872701
2024-09-20 13:30:00-04:00,17950.267578125,18017.1953125,17901.05078125,17954.880859375,1705749000
2024-09-23 09:30:00-04:00,17951.927734375,18020.95703125,17936.369140625,17994.03125,1545010000
2024-09-23 13:30:00-04:00,17974.828125,17988.0078125,17950.048828125,17952.01171875,1165563000
2024-09-24 09:30:00-04:00,18067.951171875,18091.9609375,17864.681640625,18046.74609375,1544795000
2024-09-24 13:30:00-04:00,18075.015625,18085.76953125,18030.158203125,18067.859375,1230392000
2024-09-25 09:30:00-04:00,18079.861328125,18154.505859375,18045.833984375,18052.26171875,1409880000
2024-09-25 13:30:00-04:00,18084.34765625,18090.494140625,18040.791015625,18077.947265625,1176809000
2024-09-26 09:30:00-04:00,18113.728515625,18322.701171875,18072.283203125,18322.701171875,1731047000
2024-09-26 13:30:00-04:00,18187.12109375,18207.6328125,18112.564453125,18112.564453125,1238401000
2024-09-27 09:30:00-04:00,18119.248046875,18237.65234375,18106.91015625,18230.880859375,1588922000
2024-09-27 13:30:00-04:00,18118.6015625,18166.083984375,18070.31640625,18119.171875,1201784000
2024-09-30 09:30:00-04:00,18098.984375,18165.580078125,18059.4140625,18069.380859375,3202707000
2024-09-30 13:30:00-04:00,18176.30859375,18197.626953125,17997.560546875,18098.263671875,1356730000
2024-10-01 09:30:00-04:00,17799.369140625,18162.720703125,17781.236328125,18157.51171875,1635650000
2024-10-01 13:30:00-04:00,17910.322265625,17991.533203125,17794.931640625,17797.08203125,1277998000
2024-10-02 09:30:00-04:00,17927.431640625,17978.494140625,17768.26953125,17866.439453125,1497449000
2024-10-02 13:30:00-04:00,17924.259765625,17965.302734375,17888.03125,17925.2578125,1337902000
2024-10-03 09:30:00-04:00,17878.32421875,18011.251953125,17826.830078125,17860.279296875,1422806000
2024-10-03 13:30:00-04:00,17923.72265625,17930.248046875,17853.64453125,17876.849609375,1138731000
2024-10-04 09:30:00-04:00,18062.345703125,18139.03125,17957.388671875,18131.470703125,1501496000
2024-10-04 13:30:00-04:00,18134.666015625,18145.275390625,18019.9609375,18062.234375,1209582000
2024-10-07 09:30:00-04:00,18047.595703125,18096.33203125,18019.38671875,18085.57421875,1484611000
2024-10-07 13:30:00-04:00,17920.841796875,18068.501953125,17900.03515625,18043.26953125,1249971000
2024-10-08 09:30:00-04:00,18104.861328125,18166.302734375,17989.697265625,18015.552734375,1939705000
2024-10-08 13:30:00-04:00,18178.96875,18202.669921875,18102.220703125,18103.48828125,1187647000
2024-10-09 09:30:00-04:00,18263.091796875,18299.099609375,18134.234375,18185.51171875,1660378000
2024-10-09 13:30:00-04:00,18291.08984375,18301.7109375,18215.962890625,18262.240234375,1226498000
2024-10-10 09:30:00-04:00,18297.177734375,18333.353515625,18155.53515625,18202.525390625,1858633000
2024-10-10 13:30:00-04:00,18284.140625,18306.5703125,18226.759765625,18297.318359375,1308205000
2024-10-11 09:30:00-04:00,18331.21875,18362.240234375,18209.017578125,18218.46875,1453440000
2024-10-11 13:30:00-04:00,18343.263671875,18375.244140625,18326.0859375,18330.783203125,1157004000
2024-10-14 09:30:00-04:00,18502.20703125,18544.81640625,18427.5234375,18427.5234375,1562078000
2024-10-14 13:30:00-04:00,18502.63671875,18546.865234375,18491.6328125,18501.8515625,1117134000
2024-10-15 09:30:00-04:00,18325.15234375,18564.13671875,18279.544921875,18517.36328125,1961584000
2024-10-15 13:30:00-04:00,18321.751953125,18357.443359375,18252.546875,18320.91015625,1360193000
2024-10-16 09:30:00-04:00,18329.42578125,18348.412109375,18214.955078125,18324.544921875,1619576000
2024-10-16 13:30:00-04:00,18366.423828125,18383.037109375,18326.59375,18329.498046875,1369812000
2024-10-17 09:30:00-04:00,18467.89453125,18535.919921875,18378.841796875,18535.919921875,2900445138
2024-10-17 13:30:00-04:00,18373.537109375,18488.45703125,18369.705078125,18467.5390625,1518436000
2024-10-18 09:30:00-04:00,18498.390625,18523.724609375,18455.119140625,18468.939453125,1454796000
2024-10-18 13:30:00-04:00,18488.65625,18515.4609375,18469.0859375,18498.7109375,1268619000
2024-10-21 09:30:00-04:00,18486.6875,18543.205078125,18377.923828125,18454.8828125,2119190000
2024-10-21 13:30:00-04:00,18539.2578125,18539.541015625,18472.015625,18486.56640625,1362408000
2024-10-22 09:30:00-04:00,18540.177734375,18549.666015625,18413.802734375,18428.08984375,2095785000
2024-10-22 13:30:00-04:00,18571.603515625,18620.291015625,18539.150390625,18540.072265625,1514082000
2024-10-23 09:30:00-04:00,18247.75390625,18506.984375,18220.966796875,18504.517578125,1785991000
2024-10-23 13:30:00-04:00,18277.408203125,18286.435546875,18146.623046875,18248.146484375,1413466000
2024-10-24 09:30:00-04:00,18387.80078125,18413.0,18306.068359375,18381.921875,1598422000
2024-10-24 13:30:00-04:00,18413.912109375,18435.23046875,18366.896484375,18387.578125,1246189000
2024-10-25 09:30:00-04:00,18582.55859375,18690.0078125,18521.419921875,18521.419921875,4733132323
2024-10-25 13:30:00-04:00,18519.359375,18586.513671875,18487.609375,18579.625,1380524000
2024-10-28 09:30:00-04:00,18614.607421875,18670.625,18585.69921875,18650.88671875,1690190000
2024-10-28 13:30:00-04:00,18572.626953125,18626.978515625,18563.14453125,18614.6796875,1362725000
2024-10-29 09:30:00-04:00,18694.7734375,18708.927734375,18510.810546875,18572.08984375,2138026000
2024-10-29 13:30:00-04:00,18710.015625,18753.193359375,18688.703125,18694.888671875,1501621000
2024-10-30 09:30:00-04:00,18707.73046875,18785.494140625,18631.984375,18725.76953125,1947774000
2024-10-30 13:30:00-04:00,18614.478515625,18712.31640625,18599.177734375,18707.568359375,1439814000
2024-10-31 09:30:00-04:00,18165.958984375,18421.7109375,18127.376953125,18421.7109375,1759715000
2024-10-31 13:30:00-04:00,18085.228515625,18208.38671875,18085.228515625,18162.677734375,1356622000
2024-11-01 09:30:00-04:00,18319.4140625,18363.943359375,18182.935546875,18190.875,1795326000
2024-11-01 13:30:00-04:00,18240.0703125,18320.158203125,18212.892578125,18319.482421875,1460749000
2024-11-04 09:30:00-05:00,18233.84765625,18308.017578125,18115.560546875,18220.99609375,1810958000
2024-11-04 13:30:00-05:00,18183.240234375,18263.275390625,18171.451171875,18232.4296875,1326030000
2024-11-05 09:30:00-05:00,18406.982421875,18449.67578125,18265.078125,18273.56640625,2447421000
2024-11-05 13:30:00-05:00,18437.91015625,18439.146484375,18381.4765625,18407.18359375,1499256000
2024-11-06 09:30:00-05:00,18938.255859375,18938.990234375,18731.208984375,18772.619140625,2288606000
2024-11-06 13:30:00-05:00,18977.19140625,19000.1953125,18928.275390625,18940.65234375,1831906000
2024-11-07 09:30:00-05:00,19231.107421875,19256.814453125,19088.765625,19088.765625,3181326000
2024-11-07 13:30:00-05:00,19271.177734375,19301.458984375,19209.185546875,19229.451171875,2013932000
2024-11-08 09:30:00-05:00,19278.7890625,19300.310546875,19224.43359375,19258.5546875,2025232000
2024-11-08 13:30:00-05:00,19290.490234375,19318.513671875,19268.6015625,19278.76953125,1666865000
2024-11-11 09:30:00-05:00,19231.046875,19363.150390625,19193.734375,19363.150390625,2389999000
2024-11-11 13:30:00-05:00,19302.84765625,19302.84765625,19229.625,19230.134765625,1870558000
2024-11-12 09:30:00-05:00,19227.572265625,19343.044921875,19168.978515625,19287.962890625,2209326000
2024-11-12 13:30:00-05:00,19280.357421875,19316.125,19228.705078125,19229.01171875,1639274000
2024-11-13 09:30:00-05:00,19332.79296875,19341.537109375,19192.349609375,19295.55859375,3386621000
2024-11-13 13:30:00-05:00,19236.21875,19358.392578125,19207.712890625,19332.72265625,2211227000
2024-11-14 09:30:00-05:00,19180.904296875,19275.603515625,19109.865234375,19257.572265625,4533153000
2024-11-14 13:30:00-05:00,19111.0703125,19183.23046875,19075.212890625,19181.15625,1741252000
2024-11-15 09:30:00-05:00,18661.05078125,18936.751953125,18638.310546875,18921.236328125,2330256000
2024-11-15 13:30:00-05:00,18678.544921875,18696.80859375,18598.931640625,18658.529296875,1694036000
2024-11-18 09:30:00-05:00,18793.94921875,18864.83984375,18674.740234375,18707.884765625,2857361000
2024-11-18 13:30:00-05:00,18794.9375,18817.875,18744.16015625,18794.43359375,2212078000
2024-11-19 09:30:00-05:00,18930.203125,18930.916015625,18690.33203125,18704.296875,3912816504
2024-11-19 13:30:00-05:00,18984.693359375,18991.8359375,18927.150390625,18930.373046875,1625883000
2024-11-20 09:30:00-05:00,18859.783203125,18974.025390625,18724.658203125,18967.142578125,2036661000
2024-11-20 13:30:00-05:00,18965.08984375,18971.13671875,18794.40625,18859.748046875,1588066000
2024-11-21 09:30:00-05:00,19000.181640625,19107.83984375,18716.55078125,19068.68359375,2139360000
2024-11-21 13:30:00-05:00,18975.236328125,19027.900390625,18950.431640625,19000.5703125,1568067000
2024-11-22 09:30:00-05:00,18998.986328125,19024.79296875,18900.95703125,18971.7109375,1977737000
2024-11-22 13:30:00-05:00,18998.869140625,19016.173828125,18960.845703125,18997.724609375,1612236000
2024-11-25 09:30:00-05:00,19045.703125,19206.21484375,18970.37109375,19146.578125,2108410000
2024-11-25 13:30:00-05:00,19055.0703125,19063.419921875,19018.318359375,19045.341796875,1579966000
2024-11-26 09:30:00-05:00,19146.39453125,19183.021484375,19102.939453125,19107.693359375,1774830000
2024-11-26 13:30:00-05:00,19169.896484375,19183.923828125,19101.2578125,19145.607421875,1504608000
2024-11-27 09:30:00-05:00,19023.41796875,19128.626953125,18938.40625,19128.626953125,3268061000
2024-11-27 13:30:00-05:00,19061.705078125,19076.76171875,19021.548828125,19021.548828125,1339418000
2024-11-29 09:30:00-05:00,19211.978515625,19229.365234375,19066.939453125,19084.1875,1378475000
2024-12-02 09:30:00-05:00,19389.14453125,19436.71484375,19258.29296875,19258.29296875,1932959000
2024-12-02 13:30:00-05:00,19400.865234375,19425.580078125,19366.90625,19388.5703125,1452298000
2024-12-03 09:30:00-05:00,19429.08203125,19455.5390625,19340.416015625,19359.228515625,1974825000
2024-12-03 13:30:00-05:00,19478.208984375,19486.083984375,19416.748046875,19427.869140625,1401672000
2024-12-04 09:30:00-05:00,19657.9921875,19683.052734375,19577.75,19595.984375,2283312000
2024-12-04 13:30:00-05:00,19732.2421875,19741.40234375,19636.671875,19657.595703125,2013640000
2024-12-05 09:30:00-05:00,19726.953125,19789.89453125,19701.48828125,19753.609375,2230760000
2024-12-05 13:30:00-05:00,19701.927734375,19747.232421875,19688.58984375,19726.455078125,1753847000
2024-12-06 09:30:00-05:00,19846.615234375,19862.8671875,19735.029296875,19749.333984375,4070202000
2024-12-06 13:30:00-05:00,19854.685546875,19861.40625,19809.724609375,19844.5234375,1631528000
2024-12-09 09:30:00-05:00,19792.095703125,19872.787109375,19698.216796875,19816.640625,2386089000
2024-12-09 13:30:00-05:00,19740.380859375,19815.533203125,19707.798828125,19790.130859375,1486257000
2024-12-10 09:30:00-05:00,19764.08984375,19886.54296875,19720.189453125,19798.580078125,2170724000
2024-12-10 13:30:00-05:00,19688.72265625,19772.18359375,19641.986328125,19765.240234375,1643702000
2024-12-11 09:30:00-05:00,20041.267578125,20042.36328125,19832.1796875,19832.1796875,1829418000
2024-12-11 13:30:00-05:00,20033.88671875,20055.9296875,20022.478515625,20042.126953125,1477753000
2024-12-12 09:30:00-05:00,20005.244140625,20018.06640625,19897.703125,19950.091796875,2550113000
2024-12-12 13:30:00-05:00,19905.837890625,20005.279296875,19905.837890625,20004.125,1554147000
2024-12-13 09:30:00-05:00,19892.791015625,20059.63671875,19818.0,19995.087890625,1769968000
2024-12-13 13:30:00-05:00,19921.83984375,19940.70703125,19883.083984375,19893.048828125,1412452000
2024-12-16 09:30:00-05:00,20176.51953125,20179.482421875,19989.2109375,20018.466796875,2796273000
2024-12-16 13:30:00-05:00,20171.169921875,20204.576171875,20152.0390625,20175.986328125,2280623000
2024-12-17 09:30:00-05:00,20108.328125,20148.560546875,20005.466796875,20096.490234375,3079236000
2024-12-17 13:30:00-05:00,20106.466796875,20124.015625,20053.822265625,20108.1796875,2084252000
2024-12-18 09:30:00-05:00,20146.8984375,20179.1484375,20041.8359375,20116.224609375,2775367000
2024-12-18 13:30:00-05:00,19376.44140625,20161.056640625,19339.23828125,20146.669921875,2832263000
2024-12-19 09:30:00-05:00,19491.740234375,19620.43359375,19412.509765625,19569.94921875,2299757000
2024-12-19 13:30:00-05:00,19370.607421875,19556.29296875,19358.25,19489.853515625,2027145000
2024-12-20 09:30:00-05:00,19632.765625,19758.55078125,19169.330078125,19189.439453125,2661044000
2024-12-20 13:30:00-05:00,19584.16796875,19710.96484375,19536.986328125,19631.9296875,1917900000
2024-12-23 09:30:00-05:00,19717.548828125,19734.55859375,19506.123046875,19652.4921875,2090016000
2024-12-23 13:30:00-05:00,19758.958984375,19771.771484375,19679.2109375,19717.171875,1541326000
2024-12-24 09:30:00-05:00,19982.580078125,19987.3203125,19813.763671875,19817.5,1577503000
2024-12-26 09:30:00-05:00,20043.34765625,20069.9296875,19892.146484375,19986.0234375,2186831000
2024-12-26 13:30:00-05:00,20020.380859375,20068.025390625,20008.5625,20043.375,1464651000
2024-12-27 09:30:00-05:00,19631.42578125,19904.2890625,19553.427734375,19904.2890625,2455531000
2024-12-27 13:30:00-05:00,19724.658203125,19738.677734375,19626.390625,19631.44140625,1590562000
2024-12-30 09:30:00-05:00,19585.248046875,19621.765625,19343.037109375,19465.88671875,2744172000
2024-12-30 13:30:00-05:00,19486.2265625,19620.875,19485.072265625,19583.724609375,1866746000
2024-12-31 09:30:00-05:00,19322.263671875,19562.478515625,19311.921875,19552.74609375,2781243000
2024-12-31 13:30:00-05:00,19317.87109375,19401.826171875,19283.498046875,19319.603515625,1645840000
2025-01-02 09:30:00-05:00,19180.048828125,19517.662109375,19117.5859375,19401.283203125,2983250000
2025-01-02 13:30:00-05:00,19280.75390625,19292.46484375,19119.48828125,19175.80859375,1774852000
2025-01-03 09:30:00-05:00,19585.716796875,19585.716796875,19380.359375,19399.775390625,2495835000
2025-01-03 13:30:00-05:00,19626.18359375,19638.58984375,19579.982421875,19584.47265625,2077524000
2025-01-06 09:30:00-05:00,19912.546875,20007.30859375,19839.60546875,19851.38671875,2813527000
2025-01-06 13:30:00-05:00,19867.810546875,19916.146484375,19784.994140625,19913.0546875,2591061000
2025-01-07 09:30:00-05:00,19635.013671875,19940.212890625,19524.830078125,19940.212890625,4700196000
2025-01-07 13:30:00-05:00,19493.685546875,19634.06640625,19421.1328125,19633.486328125,2424279000
2025-01-08 09:30:00-05:00,19502.951171875,19532.05859375,19309.53125,19461.123046875,2610199000
2025-01-08 13:30:00-05:00,19475.853515625,19544.50390625,19413.9921875,19501.416015625,1785495000
2025-01-10 09:30:00-05:00,19251.208984375,19310.724609375,19024.791015625,19310.724609375,2587262000
2025-01-10 13:30:00-05:00,19159.65625,19302.029296875,19134.109375,19255.40625,1791828000
2025-01-13 09:30:00-05:00,19014.2890625,19021.388671875,18832.7734375,18897.78125,2199621000
2025-01-13 13:30:00-05:00,19087.81640625,19099.88671875,18973.390625,19016.341796875,1646241000
2025-01-14 09:30:00-05:00,19078.525390625,19273.13671875,18947.80078125,19218.408203125,2123082000
2025-01-14 13:30:00-05:00,19046.04296875,19142.240234375,18926.6015625,19075.66015625,1652870000
2025-01-15 09:30:00-05:00,19480.3515625,19496.001953125,19299.990234375,19354.0390625,2183409000
2025-01-15 13:30:00-05:00,19508.494140625,19548.685546875,19464.037109375,19480.54296875,1597600000
2025-01-16 09:30:00-05:00,19406.8828125,19576.4296875,19398.33203125,19573.166015625,2070829000
2025-01-16 13:30:00-05:00,19336.990234375,19465.77734375,19335.759765625,19404.125,1500930000
2025-01-17 09:30:00-05:00,19693.25390625,19709.5390625,19543.92578125,19655.814453125,4265113141
2025-01-17 13:30:00-05:00,19632.396484375,19694.796875,19618.361328125,19693.4375,1907271000
2025-01-21 09:30:00-05:00,19771.072265625,19789.177734375,19558.111328125,19735.72265625,2377150000
2025-01-21 13:30:00-05:00,19751.140625,19784.109375,19729.017578125,19771.537109375,1738646000
2025-01-22 09:30:00-05:00,20006.3359375,20068.517578125,19908.41015625,19909.43359375,2172616000
2025-01-22 13:30:00-05:00,20006.248046875,20038.27734375,19986.650390625,20007.16015625,1603479000
2025-01-23 09:30:00-05:00,19974.201171875,19994.099609375,19893.466796875,19911.24609375,1950969000
2025-01-23 13:30:00-05:00,20051.228515625,20051.228515625,19936.341796875,19975.060546875,1899841000
2025-01-24 09:30:00-05:00,19981.57421875,20118.31640625,19955.51171875,20085.634765625,2564211000
2025-01-24 13:30:00-05:00,19953.626953125,19988.81640625,19897.392578125,19981.693359375,1729373000
2025-01-27 09:30:00-05:00,19246.064453125,19513.3671875,19240.57421875,19240.57421875,2764740000
2025-01-27 13:30:00-05:00,19349.849609375,19350.9140625,19205.17578125,19245.98828125,1867913000
2025-01-28 09:30:00-05:00,19680.19921875,19707.025390625,19295.396484375,19427.001953125,2199281000
2025-01-28 13:30:00-05:00,19728.947265625,19759.400390625,19654.201171875,19679.5703125,1737487000
2025-01-29 09:30:00-05:00,19587.9453125,19697.87890625,19480.154296875,19696.783203125,1845506000
2025-01-29 13:30:00-05:00,19630.390625,19686.2890625,19490.958984375,19588.201171875,1736693000
2025-01-30 09:30:00-05:00,19604.55859375,19783.984375,19483.833984375,19688.869140625,1977794000
2025-01-30 13:30:00-05:00,19678.046875,19750.130859375,19595.373046875,19607.486328125,1683014000
2025-01-31 09:30:00-05:00,19833.06640625,19969.15625,19818.9609375,19836.630859375,2440509000
2025-01-31 13:30:00-05:00,19626.09375,19840.19921875,19575.20703125,19827.578125,1954300000
2025-02-03 09:30:00-05:00,19397.724609375,19455.912109375,19141.55859375,19208.58203125,2360341000
2025-02-03 13:30:00-05:00,19387.173828125,19501.421875,19385.576171875,19401.90234375,1586255000
2025-02-04 09:30:00-05:00,19616.7265625,19660.94140625,19409.37109375,19422.873046875,2125945000
2025-02-04 13:30:00-05:00,19651.052734375,19665.732421875,19599.708984375,19615.70703125,1524813000
2025-02-05 09:30:00-05:00,19626.400390625,19684.7265625,19502.55859375,19528.32421875,1964319000
2025-02-05 13:30:00-05:00,19694.810546875,19694.875,19618.712890625,19626.103515625,1515996000
2025-02-06 09:30:00-05:00,19757.359375,19774.634765625,19683.83203125,19721.798828125,2213882000
2025-02-06 13:30:00-05:00,19788.83203125,19793.064453125,19654.927734375,19757.611328125,1581806000
2025-02-07 09:30:00-05:00,19617.505859375,19861.5859375,19505.220703125,19778.609375,2462339000
2025-02-07 13:30:00-05:00,19524.470703125,19627.4765625,19489.39453125,19614.923828125,1639782000
2025-02-10 09:30:00-05:00,19743.166015625,19771.97265625,19653.115234375,19664.787109375,3429928000
2025-02-10 13:30:00-05:00,19714.5546875,19756.89453125,19702.2890625,19742.9453125,2149478000
2025-02-11 09:30:00-05:00,19631.5546875,19731.525390625,19579.767578125,19610.67578125,3043065000
2025-02-11 13:30:00-05:00,19645.173828125,19692.169921875,19627.1875,19630.451171875,1846547000
2025-02-12 09:30:00-05:00,19654.51953125,19679.8125,19415.484375,19434.302734375,2419216000
2025-02-12 13:30:00-05:00,19648.58203125,19682.43359375,19617.76171875,19655.14453125,1761126000
2025-02-13 09:30:00-05:00,19787.572265625,19880.359375,19678.08984375,19700.23828125,2694060000
2025-02-13 13:30:00-05:00,19943.638671875,19951.13671875,19763.771484375,19789.265625,2006058000
2025-02-14 09:30:00-05:00,19980.525390625,20003.482421875,19932.1640625,19957.384765625,4468261174
2025-02-14 13:30:00-05:00,20024.453125,20045.14453125,19979.787109375,19979.787109375,1667527000
2025-02-18 09:30:00-05:00,19970.65625,20109.521484375,19968.55078125,20086.447265625,2576610000
2025-02-18 13:30:00-05:00,20037.443359375,20037.63671875,19909.8671875,19970.310546875,2060630000
2025-02-19 09:30:00-05:00,20046.021484375,20058.37890625,19930.46484375,19993.3671875,2555142000
2025-02-19 13:30:00-05:00,20055.720703125,20099.173828125,20016.724609375,20047.748046875,1942364000
2025-02-20 09:30:00-05:00,19892.494140625,20040.14453125,19797.486328125,20031.0078125,2283900000
2025-02-20 13:30:00-05:00,19963.625,19973.6875,19888.2890625,19891.91796875,1659644000
2025-02-21 09:30:00-05:00,19643.140625,20014.189453125,19623.150390625,20008.00390625,2690517000
2025-02-21 13:30:00-05:00,19523.349609375,19687.72265625,19510.908203125,19643.873046875,2110436000
2025-02-24 09:30:00-05:00,19497.240234375,19642.2734375,19277.6328125,19586.55859375,2101882000
2025-02-24 13:30:00-05:00,19292.69921875,19502.478515625,19279.09375,19497.876953125,1545660000
2025-02-25 09:30:00-05:00,19047.453125,19255.849609375,18873.869140625,19237.154296875,2423769000
2025-02-25 13:30:00-05:00,19029.5546875,19136.1796875,19001.53125,19045.912109375,1680316000
2025-02-26 09:30:00-05:00,19072.62890625,19285.697265625,19072.62890625,19104.66015625,2067786000
2025-02-26 13:30:00-05:00,19079.86328125,19101.408203125,18966.951171875,19071.685546875,1702958000
2025-02-27 09:30:00-05:00,18985.93359375,19239.69921875,18802.990234375,19211.541015625,1997016000
2025-02-27 13:30:00-05:00,18547.951171875,18998.505859375,18537.515625,18987.12890625,1935951000
2025-02-28 09:30:00-05:00,18530.71484375,18700.408203125,18373.796875,18478.353515625,2199356000
2025-02-28 13:30:00-05:00,18837.771484375,18859.23046875,18480.251953125,18531.419921875,1685551000
2025-03-03 09:30:00-05:00,18556.08203125,18992.130859375,18549.65625,18914.4375,2150459000
2025-03-03 13:30:00-05:00,18351.876953125,18665.466796875,18216.62890625,18556.21875,2161201000
2025-03-04 09:30:00-05:00,18265.9375,18363.44921875,17957.3515625,18171.677734375,2304028000
2025-03-04 13:30:00-05:00,18283.06640625,18589.123046875,18219.220703125,18257.541015625,1921275000
2025-03-05 09:30:00-05:00,18399.349609375,18473.19140625,18144.7265625,18317.78515625,1928250000
2025-03-05 13:30:00-05:00,18550.0390625,18603.421875,18357.4453125,18394.08984375,1636813000
2025-03-06 09:30:00-05:00,18109.375,18438.4140625,18066.7890625,18196.302734375,2120606000
2025-03-06 13:30:00-05:00,18068.763671875,18166.220703125,17980.392578125,18108.09765625,1913511000
2025-03-07 09:30:00-05:00,18045.494140625,18225.841796875,17769.408203125,18040.998046875,2711408000
2025-03-07 13:30:00-05:00,18193.162109375,18241.623046875,18038.150390625,18045.716796875,1836849000
2025-03-10 09:30:00-04:00,17489.7890625,17866.673828125,17447.083984375,17835.0234375,2530361000
2025-03-10 13:30:00-04:00,17470.20703125,17548.9375,17293.583984375,17488.962890625,2202075000
2025-03-11 09:30:00-04:00,17245.9609375,17614.52734375,17242.623046875,17446.376953125,2782082000
2025-03-11 13:30:00-04:00,17434.462890625,17686.119140625,17238.236328125,17238.236328125,2048805000
2025-03-12 09:30:00-04:00,17715.228515625,17797.43359375,17438.140625,17712.384765625,2184771000
2025-03-12 13:30:00-04:00,17645.203125,17729.484375,17568.587890625,17712.576171875,1701239000
2025-03-13 09:30:00-04:00,17285.244140625,17621.91015625,17248.86328125,17593.572265625,1955181000
2025-03-13 13:30:00-04:00,17304.802734375,17441.59765625,17239.439453125,17278.451171875,1622375000
2025-03-14 09:30:00-04:00,17686.896484375,17739.03515625,17491.8671875,17532.765625,2215973000
2025-03-14 13:30:00-04:00,17747.515625,17773.484375,17647.8671875,17686.8359375,1572929000
2025-03-17 09:30:00-04:00,17751.4921875,17852.13671875,17646.44140625,17719.337890625,1769989000
2025-03-17 13:30:00-04:00,17807.52734375,17925.939453125,17746.56640625,17753.341796875,1557578000
2025-03-18 09:30:00-04:00,17508.255859375,17682.919921875,17431.931640625,17659.0625,1830216000
2025-03-18 13:30:00-04:00,17507.462890625,17576.232421875,17467.162109375,17507.6171875,1458422000
2025-03-19 09:30:00-04:00,17621.142578125,17725.244140625,17535.32421875,17588.31640625,1617902000
2025-03-19 13:30:00-04:00,17751.685546875,17917.4296875,17604.314453125,17620.07421875,1795063000
2025-03-20 09:30:00-04:00,17656.3984375,17902.791015625,17580.4296875,17584.427734375,1880099000
2025-03-20 13:30:00-04:00,17688.783203125,17721.78515625,17618.84765625,17654.82421875,1444626000
2025-03-21 09:30:00-04:00,17658.49609375,17722.7109375,17479.62109375,17515.90234375,1818611000
2025-03-21 13:30:00-04:00,17787.185546875,17797.8359375,17644.017578125,17658.85546875,1629455000
2025-03-24 09:30:00-04:00,18136.33203125,18167.84765625,18033.619140625,18045.58203125,1836427000
2025-03-24 13:30:00-04:00,18180.26953125,18208.20703125,18113.033203125,18136.736328125,1592516000
2025-03-25 09:30:00-04:00,18206.255859375,18280.44921875,18171.19921875,18209.333984375,1807510000
2025-03-25 13:30:00-04:00,18272.16015625,18273.861328125,18207.69921875,18207.69921875,1380551000
2025-03-26 09:30:00-04:00,17914.603515625,18236.552734375,17907.30859375,18213.76953125,3155399000
2025-03-26 13:30:00-04:00,17899.16796875,17925.466796875,17837.40234375,17912.595703125,2074987000
2025-03-27 09:30:00-04:00,17814.533203125,17986.552734375,17746.638671875,17818.755859375,2225221000
2025-03-27 13:30:00-04:00,17799.099609375,17926.087890625,17788.935546875,17813.265625,1592623000
2025-03-28 09:30:00-04:00,17310.25,17763.275390625,17303.01171875,17721.1640625,2129869000
2025-03-28 13:30:00-04:00,17320.306640625,17371.578125,17284.228515625,17309.775390625,1573683000
2025-03-31 09:30:00-04:00,17108.30078125,17161.708984375,16857.09765625,17050.484375,2069282000
2025-03-31 13:30:00-04:00,17284.9453125,17334.01953125,17078.474609375,17108.716796875,1773268000
2025-04-01 09:30:00-04:00,17391.712890625,17506.4921875,17150.29296875,17216.173828125,2342639000
2025-04-01 13:30:00-04:00,17448.95703125,17464.96875,17264.048828125,17390.591796875,1802054000
2025-04-02 09:30:00-04:00,17672.833984375,17716.19140625,17181.40234375,17204.5546875,2642524000
2025-04-02 13:30:00-04:00,17598.099609375,17671.548828125,17470.396484375,17671.548828125,1776780000
2025-04-03 09:30:00-04:00,16697.0859375,16889.34375,16571.83203125,16794.974609375,2697138000
2025-04-03 13:30:00-04:00,16546.35546875,16745.099609375,16533.7890625,16696.3125,2135627000
2025-04-04 09:30:00-04:00,15714.751953125,16128.1298828125,15591.697265625,16053.638671875,3218590000
2025-04-04 13:30:00-04:00,15592.03125,15889.8388671875,15576.57421875,15707.7099609375,2309208000
2025-04-07 09:30:00-04:00,15650.7578125,16292.27734375,14786.373046875,14982.0712890625,3744552000
2025-04-07 13:30:00-04:00,15594.212890625,15802.63671875,15458.9560546875,15654.4609375,2357745000
2025-04-08 09:30:00-04:00,15507.0966796875,16312.26171875,15504.9189453125,16178.1171875,2990874000
2025-04-08 13:30:00-04:00,15282.0263671875,15727.77734375,15054.626953125,15500.0,2342037000
2025-04-09 09:30:00-04:00,16313.7978515625,16651.546875,15275.2421875,15285.5380859375,3301786000
2025-04-09 13:30:00-04:00,17105.29296875,17201.267578125,16308.45703125,16347.9033203125,4239210000
2025-04-10 09:30:00-04:00,16213.3876953125,16707.95703125,15895.8876953125,16645.671875,3189251000
2025-04-10 13:30:00-04:00,16390.873046875,16543.865234375,16178.7412109375,16203.5302734375,2397255000
2025-04-11 09:30:00-04:00,16547.05078125,16667.333984375,16234.515625,16361.1728515625,4335368000
2025-04-11 13:30:00-04:00,16716.591796875,16752.8359375,16515.509765625,16547.353515625,2114173000
2025-04-14 09:30:00-04:00,16774.849609375,17131.447265625,16664.97265625,17114.16015625,3359972000
2025-04-14 13:30:00-04:00,16825.94921875,16969.853515625,16746.87109375,16775.8984375,1865115000
2025-04-15 09:30:00-04:00,16784.25390625,16978.6328125,16774.5,16843.181640625,1945412000
2025-04-15 13:30:00-04:00,16826.388671875,16846.599609375,16753.21484375,16783.1953125,2016790000
2025-04-16 09:30:00-04:00,16477.74609375,16598.75390625,16429.623046875,16505.955078125,4139076000
2025-04-16 13:30:00-04:00,16308.20703125,16477.751953125,16066.4619140625,16477.751953125,2102527000
2025-04-17 09:30:00-04:00,16276.802734375,16402.28515625,16181.173828125,16402.28515625,2023311000
2025-04-17 13:30:00-04:00,16287.962890625,16408.5078125,16244.0771484375,16278.509765625,1622803000
2025-04-21 09:30:00-04:00,15725.3994140625,16065.3203125,15717.5537109375,16049.0341796875,1840748000
2025-04-21 13:30:00-04:00,15871.4912109375,15895.9052734375,15685.3349609375,15725.6396484375,1529804000
2025-04-22 09:30:00-04:00,16182.0009765625,16409.833984375,16039.1025390625,16067.7041015625,2070808000
2025-04-22 13:30:00-04:00,16300.4658203125,16312.455078125,16151.357421875,16178.3896484375,1453972000
2025-04-23 09:30:00-04:00,16812.330078125,17029.564453125,16660.994140625,16871.033203125,2541173000
2025-04-23 13:30:00-04:00,16704.21875,16839.44140625,16642.6640625,16812.658203125,1607432000
2025-04-24 09:30:00-04:00,17090.646484375,17108.099609375,16747.62109375,16755.083984375,2289048000
2025-04-24 13:30:00-04:00,17165.359375,17174.349609375,17064.640625,17090.97265625,1732818000
2025-04-25 09:30:00-04:00,17399.953125,17404.462890625,17111.85546875,17186.869140625,2048608000
2025-04-25 13:30:00-04:00,17378.353515625,17396.03125,17241.853515625,17396.03125,1774584000
2025-04-28 09:30:00-04:00,17140.8515625,17465.4375,17129.154296875,17390.845703125,4550660000
2025-04-28 13:30:00-04:00,17365.591796875,17406.447265625,17135.51171875,17141.1796875,2012999000
2025-04-29 09:30:00-04:00,17388.9375,17425.169921875,17256.798828125,17271.830078125,3754997000
2025-04-29 13:30:00-04:00,17459.732421875,17500.341796875,17387.302734375,17388.197265625,2116103000
2025-04-30 09:30:00-04:00,17247.640625,17268.3984375,16959.943359375,17101.666015625,2233752000
2025-04-30 13:30:00-04:00,17427.060546875,17483.82421875,17242.759765625,17246.3671875,1762561000
2025-05-01 09:30:00-04:00,17803.27734375,17922.23046875,17701.1953125,17795.31640625,2604836000
2025-05-01 13:30:00-04:00,17699.859375,17849.544921875,17688.28515625,17803.65625,1740407000
2025-05-02 09:30:00-04:00,17995.83203125,18048.748046875,17816.111328125,17869.6875,3984963620
2025-05-02 13:30:00-04:00,17972.708984375,18046.408203125,17935.80859375,17995.068359375,1757878000
2025-05-05 09:30:00-04:00,17920.044921875,17927.515625,17794.001953125,17819.533203125,1989208000
2025-05-05 13:30:00-04:00,17845.974609375,17965.640625,17834.560546875,17917.333984375,1626389000
2025-05-06 09:30:00-04:00,17701.513671875,17829.73828125,17594.435546875,17627.412109375,2074170000
2025-05-06 13:30:00-04:00,17686.73828125,17777.296875,17662.193359375,17701.74609375,1703672000
2025-05-07 09:30:00-04:00,17689.9296875,17793.005859375,17601.20703125,17700.533203125,2268559000
2025-05-07 13:30:00-04:00,17735.083984375,17817.0234375,17503.013671875,17689.861328125,2128314000
2025-05-08 09:30:00-04:00,18066.1328125,18095.84375,17776.423828125,17920.892578125,2642806000
2025-05-08 13:30:00-04:00,17925.626953125,18091.455078125,17921.4140625,18066.4375,1909905000
2025-05-09 09:30:00-04:00,17900.69921875,18068.541015625,17854.302734375,18023.12890625,2646461000
2025-05-09 13:30:00-04:00,17925.759765625,17965.9609375,17887.31640625,17900.595703125,1902317000
2025-05-12 09:30:00-04:00,18664.828125,18693.189453125,18474.115234375,18664.8828125,3494172000
2025-05-12 13:30:00-04:00,18708.609375,18710.21875,18633.6875,18664.943359375,2253820000
2025-05-13 09:30:00-04:00,19033.591796875,19051.607421875,18745.501953125,18760.341796875,2689597000
2025-05-13 13:30:00-04:00,19007.275390625,19065.849609375,18996.375,19033.76171875,1998062000
2025-05-14 09:30:00-04:00,19075.080078125,19174.548828125,19024.236328125,19078.947265625,3858740000
2025-05-14 13:30:00-04:00,19142.990234375,19154.73828125,19073.1796875,19074.921875,2433050000
2025-05-15 09:30:00-04:00,19199.087890625,19207.0234375,18968.197265625,19026.6796875,3087423000
2025-05-15 13:30:00-04:00,19101.48046875,19199.41796875,19013.98046875,19199.41796875,2141672000
2025-05-16 09:30:00-04:00,19170.513671875,19172.330078125,19039.80078125,19152.244140625,3227527000
2025-05-16 13:30:00-04:00,19211.619140625,19213.310546875,19151.044921875,19170.533203125,2220554000
2025-05-19 09:30:00-04:00,19207.806640625,19227.126953125,18945.583984375,18946.19140625,3248429000
2025-05-19 13:30:00-04:00,19218.197265625,19222.79296875,19147.890625,19207.623046875,2606562000
2025-05-20 09:30:00-04:00,19167.42578125,19186.205078125,19072.078125,19134.55859375,2543633000
2025-05-20 13:30:00-04:00,19144.669921875,19168.65234375,19019.486328125,19167.611328125,2068923000
2025-05-21 09:30:00-04:00,18915.66796875,19241.373046875,18915.66796875,19002.330078125,2972996000
2025-05-21 13:30:00-04:00,18872.228515625,19026.779296875,18799.203125,18904.099609375,2233872000
2025-05-22 09:30:00-04:00,18993.888671875,19043.384765625,18841.42578125,18889.50390625,2535684000
2025-05-22 13:30:00-04:00,18916.326171875,19060.939453125,18916.326171875,18994.171875,1894519000
2025-05-23 09:30:00-04:00,18828.34765625,18828.48828125,18607.65234375,18623.150390625,2648045000
2025-05-23 13:30:00-04:00,18740.8203125,18841.51953125,18725.380859375,18825.59375,2002270000
2025-05-27 09:30:00-04:00,19180.740234375,19191.080078125,18964.609375,19020.71875,2697702000
2025-05-27 13:30:00-04:00,19197.8515625,19210.884765625,19145.564453125,19178.83984375,1951910000
2025-05-28 09:30:00-04:00,19199.048828125,19273.05859375,19147.763671875,19237.71875,2517007000
2025-05-28 13:30:00-04:00,19103.412109375,19224.064453125,19085.404296875,19198.3203125,1837125000
2025-05-29 09:30:00-04:00,19185.52734375,19386.08203125,19093.345703125,19385.89453125,3255562000
2025-05-29 13:30:00-04:00,19175.7109375,19198.01171875,19096.1640625,19185.447265625,2084524000
2025-05-30 09:30:00-04:00,18931.513671875,19134.1640625,18850.357421875,19118.591796875,2558601000
2025-05-30 13:30:00-04:00,19100.236328125,19151.443359375,18929.388671875,18936.650390625,1892367000
2025-06-02 09:30:00-04:00,19171.634765625,19189.615234375,18989.197265625,19077.125,2385351000
2025-06-02 13:30:00-04:00,19245.87890625,19248.375,19154.5390625,19172.359375,1954795000
2025-06-03 09:30:00-04:00,19449.70703125,19458.591796875,19224.966796875,19308.177734375,2375708000
2025-06-03 13:30:00-04:00,19387.365234375,19450.826171875,19359.76171875,19448.9375,1882711000
2025-06-04 09:30:00-04:00,19465.322265625,19491.44921875,19360.287109375,19443.951171875,2286883000
2025-06-04 13:30:00-04:00,19463.70703125,19492.6953125,19456.130859375,19464.884765625,1113268000
2025-06-05 09:30:00-04:00,19474.82421875,19609.59765625,19379.2578125,19518.716796875,4678832000
2025-06-05 13:30:00-04:00,19292.193359375,19488.326171875,19227.216796875,19472.42578125,2020083000
2025-06-06 09:30:00-04:00,19522.564453125,19581.806640625,19465.1953125,19525.208984375,2176731000
2025-06-06 13:30:00-04:00,19538.2421875,19591.771484375,19527.65625,19533.27734375,1615035000
2025-06-09 09:30:00-04:00,19602.36328125,19637.01953125,19532.048828125,19578.080078125,5759462000
2025-06-09 13:30:00-04:00,19600.625,19626.412109375,19591.685546875,19601.37109375,2194369000
2025-06-10 09:30:00-04:00,19647.890625,19680.96484375,19539.267578125,19620.724609375,2601731000
2025-06-10 13:30:00-04:00,19716.240234375,19730.16015625,19591.2734375,19648.005859375,9734439000
2025-06-11 09:30:00-04:00,19741.10546875,19800.330078125,19657.2265625,19777.15625,6630415000
2025-06-11 13:30:00-04:00,19621.458984375,19743.396484375,19551.52734375,19741.763671875,2072167000
2025-06-12 09:30:00-04:00,19663.853515625,19689.966796875,19555.970703125,19582.296875,4503464000
2025-06-12 13:30:00-04:00,19660.32421875,19686.7421875,19624.806640625,19666.13671875,2808827000
2025-06-13 09:30:00-04:00,19529.556640625,19591.59375,19374.8125,19454.7109375,2517037000
2025-06-13 13:30:00-04:00,19408.349609375,19550.537109375,19369.31640625,19528.892578125,2014761000
2025-06-16 09:30:00-04:00,19715.5859375,19733.306640625,19557.271484375,19557.271484375,3230738000
2025-06-16 13:30:00-04:00,19701.55859375,19723.408203125,19666.671875,19715.9765625,1817421000
2025-06-17 09:30:00-04:00,19575.4296875,19666.451171875,19568.306640625,19632.984375,4333847405
2025-06-17 13:30:00-04:00,19519.4765625,19602.501953125,19485.552734375,19557.708984375,1891100000
2025-06-18 09:30:00-04:00,19571.654296875,19660.654296875,19491.8984375,19527.787109375,2141698000
2025-06-18 13:30:00-04:00,19544.751953125,19650.205078125,19496.380859375,19571.724609375,1912873000
2025-06-20 09:30:00-04:00,19408.375,19695.33203125,19388.55859375,19648.453125,2444648000
2025-06-20 13:30:00-04:00,19446.185546875,19486.369140625,19381.2734375,19400.0625,1826446000
2025-06-23 09:30:00-04:00,19574.28125,19577.865234375,19335.3828125,19426.513671875,2853972000
2025-06-23 13:30:00-04:00,19631.384765625,19643.6875,19584.3046875,19584.3046875,1832761000
2025-06-24 09:30:00-04:00,19906.455078125,19937.4140625,19797.962890625,19810.23046875,2352835000
2025-06-24 13:30:00-04:00,19912.783203125,19946.6484375,19906.330078125,19906.330078125,1847931000
2025-06-25 09:30:00-04:00,19970.9296875,20052.78125,19940.71875,20012.375,2395715000
2025-06-25 13:30:00-04:00,19973.69921875,19980.595703125,19919.423828125,19970.7890625,1795055000
2025-06-26 09:30:00-04:00,20138.830078125,20141.798828125,19984.62109375,20067.337890625,4879685000
2025-06-26 13:30:00-04:00,20170.7421875,20186.9609375,20139.21484375,20139.37890625,2026413000
2025-06-27 09:30:00-04:00,20269.650390625,20308.50390625,20212.8515625,20226.16015625,4344371000
2025-06-27 13:30:00-04:00,20254.9765625,20271.87890625,20097.55078125,20266.701171875,2047362000
2025-06-30 09:30:00-04:00,20320.24609375,20375.9296875,20293.212890625,20361.544921875,2386472000
2025-06-30 13:30:00-04:00,20368.4296875,20418.138671875,20267.57421875,20320.1484375,1983033000
2025-07-01 09:30:00-04:00,20249.103515625,20337.5625,20105.837890625,20281.515625,2960894000
2025-07-01 13:30:00-04:00,20203.591796875,20274.005859375,20172.93359375,20251.580078125,1827906000
2025-07-02 09:30:00-04:00,20363.541015625,20381.552734375,20186.193359375,20186.193359375,2541128000
2025-07-02 13:30:00-04:00,20392.78515625,20395.76171875,20350.828125,20362.609375,1886665000
2025-07-03 09:30:00-04:00,20601.314453125,20624.32421875,20481.90625,20509.208984375,1847232000
2025-07-07 09:30:00-04:00,20403.478515625,20511.060546875,20378.68359375,20492.5234375,2408815000
2025-07-07 13:30:00-04:00,20417.91796875,20445.21484375,20323.015625,20403.69140625,1838570000
2025-07-08 09:30:00-04:00,20432.859375,20478.107421875,20377.384765625,20464.728515625,4337127697
2025-07-08 13:30:00-04:00,20419.40234375,20459.033203125,20394.087890625,20434.287109375,1911503000
2025-07-09 09:30:00-04:00,20545.01953125,20640.595703125,20486.45703125,20522.0859375,6482724000
2025-07-09 13:30:00-04:00,20608.41015625,20610.740234375,20519.341796875,20544.93359375,2037109000
2025-07-10 09:30:00-04:00,20624.953125,20652.357421875,20499.591796875,20645.763671875,5121268000
2025-07-10 13:30:00-04:00,20628.556640625,20655.068359375,20609.28125,20625.041015625,1972382000
2025-07-11 09:30:00-04:00,20640.12890625,20647.818359375,20514.255859375,20568.67578125,4750840000
2025-07-11 13:30:00-04:00,20583.83984375,20646.79296875,20566.78125,20640.033203125,2035821000
2025-07-14 09:30:00-04:00,20656.916015625,20672.216796875,20494.31640625,20585.62890625,2351563000
2025-07-14 13:30:00-04:00,20641.318359375,20669.40234375,20625.02734375,20657.111328125,1819249000
2025-07-15 09:30:00-04:00,20742.109375,20833.228515625,20721.43359375,20833.228515625,2389294000
2025-07-15 13:30:00-04:00,20693.697265625,20795.861328125,20689.2265625,20747.962890625,1919882000
2025-07-16 09:30:00-04:00,20696.677734375,20730.99609375,20510.541015625,20728.98046875,2698524000
2025-07-16 13:30:00-04:00,20736.416015625,20750.798828125,20682.79296875,20693.015625,1873901000
2025-07-17 09:30:00-04:00,20892.6015625,20911.826171875,20735.546875,20771.29296875,3065710000
2025-07-17 13:30:00-04:00,20887.162109375,20911.20703125,20880.51953125,20892.419921875,2251469000
2025-07-18 09:30:00-04:00,20882.978515625,20978.76953125,20846.115234375,20974.3359375,2856265000
2025-07-18 13:30:00-04:00,20894.974609375,20898.4609375,20862.341796875,20882.25390625,2064654000
2025-07-21 09:30:00-04:00,21054.173828125,21073.87109375,20957.44140625,20962.951171875,4058931000
2025-07-21 13:30:00-04:00,20968.44921875,21057.51171875,20967.0625,21056.759765625,2840667000
2025-07-22 09:30:00-04:00,20903.474609375,20974.5390625,20754.23828125,20974.5390625,6651975000
2025-07-22 13:30:00-04:00,20892.9296875,20927.501953125,20851.685546875,20915.48828125,2352825000
2025-07-23 09:30:00-04:00,20942.333984375,20981.26171875,20871.705078125,20949.1484375,3260529000
2025-07-23 13:30:00-04:00,21010.326171875,21013.72265625,20935.7109375,20939.140625,2464972000
2025-07-24 09:30:00-04:00,21093.564453125,21106.640625,21005.67578125,21083.818359375,4155837000
2025-07-24 13:30:00-04:00,21072.353515625,21108.794921875,21069.998046875,21086.64453125,2636466000
2025-07-25 09:30:00-04:00,21136.830078125,21159.396484375,21037.6015625,21067.44921875,3299421000
2025-07-25 13:30:00-04:00,21110.470703125,21152.431640625,21107.08984375,21144.14453125,2492607000
2025-07-28 09:30:00-04:00,21147.484375,21202.0,21124.498046875,21172.986328125,3079863000
2025-07-28 13:30:00-04:00,21177.787109375,21180.45703125,21130.7734375,21147.630859375,2492041000
2025-07-29 09:30:00-04:00,21155.625,21303.24609375,21081.896484375,21289.0859375,3370190000
2025-07-29 13:30:00-04:00,21100.455078125,21160.326171875,21083.470703125,21155.431640625,1979715000
2025-07-30 09:30:00-04:00,21182.9375,21201.869140625,21121.70703125,21138.0546875,2539015000
2025-07-30 13:30:00-04:00,21133.412109375,21230.880859375,21019.3828125,21183.064453125,2408980000
2025-07-31 09:30:00-04:00,21212.859375,21445.375,21199.787109375,21445.375,5607039000
2025-07-31 13:30:00-04:00,21138.07421875,21250.978515625,21078.923828125,21211.5234375,2348903000
2025-08-01 09:30:00-04:00,20613.40625,20860.5390625,20575.10546875,20837.2109375,2890609000
2025-08-01 13:30:00-04:00,20652.6640625,20705.005859375,20560.7265625,20613.142578125,2053721000
2025-08-04 09:30:00-04:00,21026.435546875,21030.865234375,20833.857421875,20848.681640625,2065701000
2025-08-04 13:30:00-04:00,21048.064453125,21054.216796875,21001.884765625,21030.98828125,1761288000
2025-08-05 09:30:00-04:00,20984.0234375,21133.365234375,20897.744140625,21082.55078125,2327148000
2025-08-05 13:30:00-04:00,20910.599609375,21021.74609375,20909.2109375,20984.296875,1730985000
2025-08-06 09:30:00-04:00,21128.59375,21136.841796875,20938.427734375,20957.701171875,2628036000
2025-08-06 13:30:00-04:00,21164.48046875,21183.857421875,21123.51171875,21127.146484375,1846285000
2025-08-07 09:30:00-04:00,21159.232421875,21406.9453125,21147.91796875,21334.474609375,2574226000
2025-08-07 13:30:00-04:00,21243.919921875,21243.919921875,21092.884765625,21139.953125,7308267000
2025-08-08 09:30:00-04:00,21403.150390625,21440.310546875,21306.826171875,21316.365234375,5234639000
2025-08-08 13:30:00-04:00,21442.826171875,21462.865234375,21402.849609375,21402.849609375,1871805000
2025-08-11 09:30:00-04:00,21477.671875,21547.609375,21401.302734375,21453.0859375,5476834000
2025-08-11 13:30:00-04:00,21374.373046875,21487.337890625,21356.88671875,21477.57421875,1982209000
2025-08-12 09:30:00-04:00,21632.345703125,21649.177734375,21412.5,21507.806640625,4041074318
2025-08-12 13:30:00-04:00,21681.142578125,21688.46875,21635.859375,21637.45703125,1916506000
2025-08-13 09:30:00-04:00,21703.2265625,21798.158203125,21648.009765625,21770.25390625,4957576000
2025-08-13 13:30:00-04:00,21713.587890625,21720.6015625,21668.484375,21697.87109375,1334568000
2025-08-14 09:30:00-04:00,21740.388671875,21762.697265625,21630.25,21639.337890625,3102230000
2025-08-14 13:30:00-04:00,21711.3359375,21740.701171875,21675.658203125,21740.701171875,2108079000
2025-08-15 09:30:00-04:00,21634.212890625,21715.55078125,21571.025390625,21705.201171875,2325310000
2025-08-15 13:30:00-04:00,21621.708984375,21662.09375,21610.36328125,21634.595703125,1869293000
2025-08-18 09:30:00-04:00,21605.162109375,21650.0390625,21559.4765625,21625.8359375,2407392000
2025-08-18 13:30:00-04:00,21643.26171875,21644.21484375,21587.83203125,21629.08203125,1727289000
2025-08-19 09:30:00-04:00,21337.71875,21608.3125,21297.107421875,21602.474609375,4309920205
2025-08-19 13:30:00-04:00,21309.650390625,21362.009765625,21278.21484375,21339.830078125,1734748000
2025-08-20 09:30:00-04:00,21095.140625,21269.66796875,20908.361328125,21269.66796875,2386342000
2025-08-20 13:30:00-04:00,21170.19140625,21190.8125,21057.474609375,21103.63671875,1696957000
2025-08-21 09:30:00-04:00,21032.828125,21184.828125,21013.662109375,21112.5234375,2024916000
2025-08-21 13:30:00-04:00,21095.603515625,21124.421875,21035.10546875,21035.912109375,1525229000
2025-08-22 09:30:00-04:00,21528.88671875,21543.80078125,21095.44140625,21109.83203125,2978537000
2025-08-22 13:30:00-04:00,21487.224609375,21534.5,21459.18359375,21520.93359375,2003746000
2025-08-25 09:30:00-04:00,21537.205078125,21572.177734375,21400.53515625,21457.876953125,2675490000
2025-08-25 13:30:00-04:00,21445.1015625,21543.4765625,21445.1015625,21537.18359375,1987820000
2025-08-26 09:30:00-04:00,21491.759765625,21511.20703125,21395.427734375,21440.978515625,5013017000
2025-08-26 13:30:00-04:00,21537.181640625,21539.62109375,21443.345703125,21484.92578125,1950401000
2025-08-27 09:30:00-04:00,21573.673828125,21591.416015625,21479.8125,21526.333984375,2333989000
2025-08-27 13:30:00-04:00,21604.673828125,21616.06640625,21543.142578125,21576.91015625,1777701000
2025-08-28 09:30:00-04:00,21696.767578125,21702.388671875,21537.203125,21638.294921875,4632491000
2025-08-28 13:30:00-04:00,21706.037109375,21734.091796875,21696.671875,21698.390625,1726001000
2025-08-29 09:30:00-04:00,21418.650390625,21629.72265625,21399.318359375,21628.18359375,2316989000
2025-08-29 13:30:00-04:00,21454.220703125,21479.216796875,21414.1015625,21419.203125,1664029000
2025-09-02 09:30:00-04:00,21165.904296875,21280.046875,21033.798828125,21088.150390625,2386179000
2025-09-02 13:30:00-04:00,21282.005859375,21293.689453125,21165.505859375,21165.84765625,1836053000
2025-09-03 09:30:00-04:00,21476.478515625,21553.39453125,21418.1796875,21460.51171875,2209777000
2025-09-03 13:30:00-04:00,21480.416015625,21481.916015625,21373.994140625,21480.83203125,1710588000
2025-09-04 09:30:00-04:00,21602.638671875,21604.251953125,21474.67578125,21530.634765625,2115885000
2025-09-04 13:30:00-04:00,21704.986328125,21711.958984375,21593.880859375,21599.646484375,1909679000
2025-09-05 09:30:00-04:00,21659.0859375,21878.8125,21536.126953125,21860.44140625,2357258000
2025-09-05 13:30:00-04:00,21701.6328125,21701.837890625,21615.638671875,21653.048828125,1942535000
2025-09-08 09:30:00-04:00,21818.625,21884.48828125,21793.408203125,21795.896484375,2746097000
2025-09-08 13:30:00-04:00,21800.16015625,21825.494140625,21778.6640625,21817.36328125,1964167000
2025-09-09 09:30:00-04:00,21838.361328125,21858.169921875,21735.654296875,21858.169921875,2295829000
2025-09-09 13:30:00-04:00,21878.505859375,21891.421875,21818.44921875,21834.923828125,2003930000
2025-09-10 09:30:00-04:00,21903.94921875,21999.3515625,21901.775390625,21980.6015625,2640615000
2025-09-10 13:30:00-04:00,21893.404296875,21925.482421875,21812.99609375,21902.91015625,2072033000
2025-09-11 09:30:00-04:00,22036.88671875,22047.654296875,21909.916015625,21977.515625,3129726000
2025-09-11 13:30:00-04:00,22054.7734375,22057.833984375,22022.28125,22027.84375,2440248000
2025-09-12 09:30:00-04:00,22142.91796875,22155.453125,22031.779296875,22085.408203125,5140521000
2025-09-12 13:30:00-04:00,22153.771484375,22180.744140625,22118.83203125,22144.076171875,2013121000
2025-09-15 09:30:00-04:00,22303.2890625,22351.943359375,22234.212890625,22242.560546875,2489152000
2025-09-15 13:30:00-04:00,22350.5078125,22350.5078125,22282.876953125,22302.244140625,2066390000
2025-09-16 09:30:00-04:00,22357.546875,22389.2265625,22308.994140625,22388.607421875,4892864000
2025-09-16 13:30:00-04:00,22343.251953125,22364.126953125,22332.65625,22350.369140625,2023223000
2025-09-17 09:30:00-04:00,22218.14453125,22330.37109375,22189.7265625,22322.271484375,2261038000
2025-09-17 13:30:00-04:00,22249.75,22331.1796875,22059.720703125,22220.513671875,2861559000
2025-09-18 09:30:00-04:00,22514.0859375,22538.57421875,22367.37890625,22437.37890625,3220802000
2025-09-18 13:30:00-04:00,22468.5,22515.458984375,22465.30859375,22513.623046875,2423841000
2025-09-19 09:30:00-04:00,22563.94140625,22591.32421875,22501.685546875,22564.7421875,3980333000
2025-09-19 13:30:00-04:00,22642.01171875,22642.1953125,22563.111328125,22569.765625,10453591000
2025-09-22 09:30:00-04:00,22767.595703125,22776.830078125,22591.90625,22600.9765625,2965630000
2025-09-22 13:30:00-04:00,22788.1875,22798.111328125,22756.744140625,22767.6171875,1475143000
2025-09-23 09:30:00-04:00,22636.04296875,22784.697265625,22634.794921875,22780.5,2739689000
2025-09-23 13:30:00-04:00,22575.23046875,22641.4375,22539.435546875,22632.798828125,2439690000
2025-09-24 09:30:00-04:00,22496.83984375,22654.03515625,22397.0859375,22654.03515625,2613407000
2025-09-24 13:30:00-04:00,22494.697265625,22514.8203125,22448.998046875,22497.236328125,2027462000
2025-09-25 09:30:00-04:00,22355.587890625,22456.345703125,22186.296875,22309.78125,4837601077
2025-09-25 13:30:00-04:00,22381.578125,22394.103515625,22225.68359375,22354.177734375,2280529000
2025-09-26 09:30:00-04:00,22463.5859375,22487.052734375,22287.162109375,22396.45703125,2476596000
2025-09-26 13:30:00-04:00,22485.357421875,22488.119140625,22427.36328125,22464.02734375,1926730000
2025-09-29 09:30:00-04:00,22581.3359375,22704.591796875,22555.740234375,22608.23046875,2609946000
2025-09-29 13:30:00-04:00,22591.029296875,22614.51171875,22536.486328125,22580.564453125,2181466000
2025-09-30 09:30:00-04:00,22512.931640625,22611.91796875,22496.298828125,22580.724609375,2667749000
2025-09-30 13:30:00-04:00,22656.48828125,22671.046875,22500.625,22507.90234375,2031639000
2025-10-01 09:30:00-04:00,22742.423828125,22749.01171875,22519.4765625,22524.796875,2973062000
2025-10-01 13:30:00-04:00,22764.916015625,22782.15625,22724.7421875,22743.58203125,2455692000
2025-10-02 09:30:00-04:00,22829.05859375,22896.05078125,22739.51953125,22885.267578125,5609905000
2025-10-02 13:30:00-04:00,22835.880859375,22864.888671875,22821.203125,22831.353515625,2056961000
2025-10-03 09:30:00-04:00,22803.8828125,22925.123046875,22792.607421875,22889.228515625,5394131238
2025-10-03 13:30:00-04:00,22775.677734375,22823.642578125,22705.3671875,22818.779296875,2314200000
2025-10-06 09:30:00-04:00,22951.625,22962.0078125,22829.326171875,22894.3515625,3020798000
2025-10-06 13:30:00-04:00,22944.158203125,22989.62890625,22936.439453125,22953.4765625,2586843000
2025-10-07 09:30:00-04:00,22792.3515625,23005.244140625,22728.77734375,22972.369140625,6137526000
2025-10-07 13:30:00-04:00,22786.14453125,22809.177734375,22749.787109375,22788.939453125,2220948000
2025-10-08 09:30:00-04:00,22994.873046875,22998.2890625,22847.484375,22847.484375,3390357000
2025-10-08 13:30:00-04:00,23042.228515625,23044.1875,22982.916015625,22996.556640625,2571377000
2025-10-09 09:30:00-04:00,22912.763671875,23061.5546875,22909.93359375,23044.166015625,3342187000
2025-10-09 13:30:00-04:00,23021.8515625,23025.060546875,22907.478515625,22907.478515625,2388713000
2025-10-10 09:30:00-04:00,22495.794921875,23117.830078125,22392.986328125,23044.9296875,3987246000
2025-10-10 13:30:00-04:00,22209.046875,22517.353515625,22193.947265625,22493.22265625,2311118000
2025-10-13 09:30:00-04:00,22663.021484375,22714.646484375,22511.392578125,22592.59765625,2504356000
2025-10-13 13:30:00-04:00,22698.849609375,22718.748046875,22649.82421875,22667.8515625,2010961000
2025-10-14 09:30:00-04:00,22675.95703125,22688.634765625,22216.537109375,22388.04296875,2815449000
2025-10-14 13:30:00-04:00,22530.609375,22670.3671875,22472.11328125,22669.1015625,2345100000
2025-10-15 09:30:00-04:00,22506.3671875,22838.4609375,22433.30078125,22738.49609375,3789676000
2025-10-15 13:30:00-04:00,22643.7734375,22699.310546875,22510.931640625,22514.3046875,2383840000
2025-10-16 09:30:00-04:00,22659.8203125,22883.251953125,22506.146484375,22762.984375,3619165000
2025-10-16 13:30:00-04:00,22564.30859375,22680.318359375,22418.82421875,22664.603515625,2659391000
2025-10-17 09:30:00-04:00,22567.294921875,22662.228515625,22405.298828125,22439.990234375,4605940134
2025-10-17 13:30:00-04:00,22677.037109375,22735.625,22550.193359375,22562.634765625,1867896000
2025-10-20 09:30:00-04:00,23019.033203125,23026.02734375,22852.005859375,22852.005859375,2767571000
2025-10-20 13:30:00-04:00,22993.724609375,23031.837890625,22982.330078125,23018.4296875,8673889000
2025-10-21 09:30:00-04:00,22944.279296875,23010.267578125,22902.990234375,22976.4765625,5421070000
2025-10-21 13:30:00-04:00,22971.8515625,22987.875,22945.068359375,22950.390625,2665296000
2025-10-22 09:30:00-04:00,22601.2890625,22973.01171875,22582.525390625,22918.78125,4560184000
2025-10-22 13:30:00-04:00,22741.080078125,22751.896484375,22520.3203125,22600.693359375,2925563000
2025-10-23 09:30:00-04:00,22910.35546875,22943.251953125,22733.904296875,22751.330078125,6351898000
2025-10-23 13:30:00-04:00,22942.78125,22983.24609375,22910.416015625,22910.416015625,2248899000
2025-10-24 09:30:00-04:00,23240.447265625,23246.546875,23129.890625,23140.04296875,6054086000
2025-10-24 13:30:00-04:00,23207.8359375,23260.857421875,23206.083984375,23235.458984375,2603229000
2025-10-27 09:30:00-04:00,23581.67578125,23596.482421875,23498.142578125,23534.23828125,3184114000
2025-10-27 13:30:00-04:00,23645.072265625,23657.736328125,23581.822265625,23581.859375,2378701000
2025-10-28 09:30:00-04:00,23794.65625,23808.5390625,23679.392578125,23761.8203125,3315738000
2025-10-28 13:30:00-04:00,23836.927734375,23898.03515625,23797.953125,23800.162109375,2456195000
2025-10-29 09:30:00-04:00,23937.259765625,24015.423828125,23917.5390625,23987.291015625,2627578000
2025-10-29 13:30:00-04:00,23955.919921875,23985.88671875,23771.513671875,23938.982421875,2554564000
2025-10-30 09:30:00-04:00,23749.111328125,23843.69140625,23628.908203125,23781.099609375,4938594000
2025-10-30 13:30:00-04:00,23583.220703125,23758.037109375,23579.1484375,23746.552734375,2602768000
2025-10-31 09:30:00-04:00,23646.24609375,23942.4609375,23628.880859375,23938.515625,2992734000
2025-10-31 13:30:00-04:00,23729.365234375,23835.6640625,23635.759765625,23646.912109375,2212144000
2025-11-03 09:30:00-05:00,23884.599609375,23974.349609375,23767.3984375,23950.890625,2897154000
2025-11-03 13:30:00-05:00,23833.984375,23901.869140625,23805.736328125,23885.0234375,2162927000
2025-11-04 09:30:00-05:00,23401.337890625,23644.150390625,23392.984375,23457.248046875,2624814000
2025-11-04 13:30:00-05:00,23355.779296875,23459.869140625,23334.037109375,23399.736328125,2219930000
2025-11-05 09:30:00-05:00,23597.822265625,23605.8984375,23288.689453125,23355.294921875,2741509000
2025-11-05 13:30:00-05:00,23497.638671875,23636.52734375,23492.669921875,23597.1328125,2378683000
2025-11-06 09:30:00-05:00,23134.07421875,23468.533203125,23012.162109375,23446.818359375,3449121000
2025-11-06 13:30:00-05:00,23054.390625,23242.85546875,23035.5,23136.953125,2235874000
2025-11-07 09:30:00-05:00,22774.4296875,22893.033203125,22563.568359375,22893.033203125,2756362000
2025-11-07 13:30:00-05:00,23006.119140625,23009.279296875,22722.962890625,22773.974609375,2397805000
2025-11-10 09:30:00-05:00,23458.458984375,23483.1015625,23294.529296875,23356.8984375,2598035000
2025-11-10 13:30:00-05:00,23524.822265625,23569.064453125,23459.44140625,23459.44140625,2134390000
2025-11-11 09:30:00-05:00,23461.1796875,23479.05078125,23315.275390625,23409.71484375,3632768586
2025-11-11 13:30:00-05:00,23473.1328125,23508.302734375,23431.89453125,23461.142578125,1941886000
2025-11-12 09:30:00-05:00,23399.365234375,23558.404296875,23278.92578125,23558.404296875,2629029000
2025-11-12 13:30:00-05:00,23410.033203125,23436.509765625,23343.35546875,23399.603515625,2087034000
2025-11-13 09:30:00-05:00,22851.2421875,23257.283203125,22840.845703125,23255.6875,3322879000
2025-11-13 13:30:00-05:00,22872.580078125,22915.908203125,22796.6875,22851.23046875,2552567000
2025-11-14 09:30:00-05:00,22953.68359375,23073.181640625,22437.78515625,22539.419921875,2736670000
2025-11-14 13:30:00-05:00,22899.52734375,23030.484375,22875.33203125,22951.080078125,1970381000
2025-11-17 09:30:00-05:00,22795.517578125,23043.9609375,22761.29296875,22786.056640625,2517550000
2025-11-17 13:30:00-05:00,22711.576171875,22852.67578125,22559.5078125,22794.400390625,2315928000
2025-11-18 09:30:00-05:00,22559.84375,22639.857421875,22234.0234375,22556.2109375,2379787000
2025-11-18 13:30:00-05:00,22428.654296875,22638.181640625,22428.654296875,22562.357421875,1872988000
2025-11-19 09:30:00-05:00,22463.513671875,22818.447265625,22385.220703125,22455.0703125,2379565000
2025-11-19 13:30:00-05:00,22568.87890625,22664.666015625,22439.15234375,22462.12890625,1904615000
2025-11-20 09:30:00-05:00,22409.673828125,23146.615234375,22233.166015625,23045.705078125,3051930000
2025-11-20 13:30:00-05:00,22087.193359375,22423.0,22043.203125,22409.498046875,2217878000
2025-11-21 09:30:00-05:00,22226.94140625,22365.29296875,21899.626953125,22181.978515625,2861401000
2025-11-21 13:30:00-05:00,22274.451171875,22531.67578125,22217.76953125,22226.107421875,2181172000
2025-11-24 09:30:00-05:00,22849.470703125,22872.72265625,22483.423828125,22483.423828125,2297050000
2025-11-24 13:30:00-05:00,22870.091796875,22913.94140625,22816.375,22848.341796875,1964292000
2025-11-25 09:30:00-05:00,22973.158203125,22992.23828125,22590.318359375,22792.412109375,2213750000
2025-11-25 13:30:00-05:00,23026.193359375,23069.958984375,22884.1953125,22974.52734375,1929565000
2025-11-26 09:30:00-05:00,23255.642578125,23280.578125,23076.9296875,23155.13671875,1997816000
2025-11-26 13:30:00-05:00,23211.970703125,23274.361328125,23202.087890625,23255.130859375,1885181000
2025-11-28 09:30:00-05:00,23309.640625,23331.228515625,23251.669921875,23287.2578125,1399732000
2025-12-01 09:30:00-05:00,23335.423828125,23363.423828125,23111.73828125,23171.140625,2190072000
2025-12-01 13:30:00-05:00,23282.1640625,23360.42578125,23241.638671875,23336.501953125,1846375000
2025-12-02 09:30:00-05:00,23409.451171875,23526.169921875,23287.16796875,23375.873046875,2111062000
2025-12-02 13:30:00-05:00,23412.6015625,23462.4921875,23379.515625,23407.095703125,1790306000
2025-12-03 09:30:00-05:00,23457.51171875,23472.673828125,23274.806640625,23312.712890625,2178092000
2025-12-03 13:30:00-05:00,23454.525390625,23499.92578125,23447.90234375,23460.33203125,1970758000
2025-12-04 09:30:00-05:00,23492.185546875,23525.59765625,23373.259765625,23525.59765625,2191257000
2025-12-04 13:30:00-05:00,23508.869140625,23508.869140625,23376.068359375,23490.087890625,1859060000
2025-12-05 09:30:00-05:00,23588.330078125,23679.158203125,23506.0,23568.3828125,2417185000
2025-12-05 13:30:00-05:00,23574.9453125,23597.44140625,23527.775390625,23588.046875,1801790000
2025-12-08 09:30:00-05:00,23519.5078125,23698.9296875,23481.59765625,23648.701171875,2369783000
2025-12-08 13:30:00-05:00,23548.798828125,23548.798828125,23455.73046875,23511.625,1853926000
2025-12-09 09:30:00-05:00,23612.322265625,23615.888671875,23450.76171875,23495.931640625,2162587000
2025-12-09 13:30:00-05:00,23576.11328125,23616.455078125,23565.369140625,23612.251953125,1729125000
2025-12-10 09:30:00-05:00,23483.208984375,23557.7265625,23436.30078125,23536.900390625,1974075000
2025-12-10 13:30:00-05:00,23648.89453125,23703.20703125,23471.42578125,23478.41015625,2350403000
2025-12-11 09:30:00-05:00,23516.255859375,23543.013671875,23308.951171875,23512.4765625,2343901000
2025-12-11 13:30:00-05:00,23597.26171875,23606.701171875,23505.859375,23515.837890625,1912927000
2025-12-12 09:30:00-05:00,23305.0078125,23554.888671875,23095.142578125,23493.51953125,2521108000
2025-12-12 13:30:00-05:00,23193.654296875,23310.439453125,23140.080078125,23305.44140625,1966243000
2025-12-15 09:30:00-05:00,23064.259765625,23344.853515625,23012.666015625,23329.728515625,2155759000
2025-12-15 13:30:00-05:00,23056.435546875,23133.181640625,23050.919921875,23063.068359375,1919964000
2025-12-16 09:30:00-05:00,22940.375,23125.716796875,22920.66015625,22997.03515625,2085134000
2025-12-16 13:30:00-05:00,23104.63671875,23162.470703125,22942.94140625,22942.970703125,1843069000
2025-12-17 09:30:00-05:00,22831.294921875,23159.1953125,22793.8515625,23129.6875,3700733657
2025-12-17 13:30:00-05:00,22695.494140625,22830.998046875,22692.42578125,22828.400390625,1892360000
2025-12-18 09:30:00-05:00,23097.103515625,23149.30859375,22906.970703125,23005.705078125,2167290000
2025-12-18 13:30:00-05:00,23004.919921875,23128.298828125,22946.322265625,23097.7890625,1874930000
2025-12-19 09:30:00-05:00,23276.3671875,23296.05078125,23109.38671875,23109.38671875,2680606000
2025-12-19 13:30:00-05:00,23307.798828125,23307.798828125,23251.998046875,23276.54296875,2224564000
2025-12-22 09:30:00-05:00,23429.775390625,23475.1796875,23363.46875,23453.150390625,2035696000
2025-12-22 13:30:00-05:00,23426.224609375,23446.806640625,23414.341796875,23429.5625,1584338000
2025-12-23 09:30:00-05:00,23525.109375,23531.203125,23378.47265625,23401.201171875,2110097000
2025-12-23 13:30:00-05:00,23558.04296875,23563.150390625,23524.162109375,23525.462890625,1696114000
2025-12-24 09:30:00-05:00,23614.576171875,23620.73046875,23529.1875,23553.619140625,1129781000
2025-12-26 09:30:00-05:00,23609.998046875,23664.490234375,23567.85546875,23638.419921875,1425142000
2025-12-26 13:30:00-05:00,23592.794921875,23642.009765625,23588.935546875,23609.255859375,1232423000
2025-12-29 09:30:00-05:00,23443.083984375,23531.021484375,23398.75390625,23415.740234375,2009918000
2025-12-29 13:30:00-05:00,23476.59375,23499.5859375,23428.615234375,23443.1171875,1468138000
2025-12-30 09:30:00-05:00,23470.052734375,23520.88671875,23427.115234375,23462.998046875,1980225000
2025-12-30 13:30:00-05:00,23420.775390625,23476.380859375,23415.857421875,23469.623046875,1503999000
2025-12-31 09:30:00-05:00,23375.2109375,23443.30859375,23323.919921875,23412.33984375,1592447000
2025-12-31 13:30:00-05:00,23248.966796875,23401.779296875,23237.783203125,23375.591796875,1462907000
2026-01-02 09:30:00-05:00,23179.30078125,23585.76953125,23135.765625,23481.46484375,2135583000
2026-01-02 13:30:00-05:00,23236.361328125,23274.73046875,23119.578125,23179.076171875,1692492000
2026-01-05 09:30:00-05:00,23407.5234375,23476.39453125,23333.65625,23444.806640625,2429888000
2026-01-05 13:30:00-05:00,23397.2890625,23421.61328125,23359.09375,23408.23046875,1971618000
2026-01-06 09:30:00-05:00,23497.37109375,23518.271484375,23390.220703125,23466.287109375,4114722000
2026-01-06 13:30:00-05:00,23548.578125,23556.580078125,23499.248046875,23500.41796875,6820269000
2026-01-07 09:30:00-05:00,23674.24609375,23723.3359375,23509.185546875,23550.6015625,2284821000
2026-01-07 13:30:00-05:00,23586.869140625,23716.78515625,23571.537109375,23674.244140625,1969312000
2026-01-08 09:30:00-05:00,23460.41796875,23543.787109375,23353.4609375,23543.787109375,2228981000
2026-01-08 13:30:00-05:00,23480.873046875,23487.974609375,23400.751953125,23460.841796875,1821260000
2026-01-09 09:30:00-05:00,23656.552734375,23676.333984375,23426.478515625,23498.373046875,2388647000
2026-01-09 13:30:00-05:00,23668.041015625,23721.064453125,23656.7421875,23656.7421875,1865146000
2026-01-12 09:30:00-05:00,23770.314453125,23771.361328125,23570.578125,23570.578125,2476050000
2026-01-12 13:30:00-05:00,23733.939453125,23803.787109375,23733.744140625,23771.259765625,2075987000
2026-01-13 09:30:00-05:00,23687.96484375,23812.65234375,23608.771484375,23727.84765625,2604507000
2026-01-13 13:30:00-05:00,23711.201171875,23711.201171875,23616.20703125,23688.193359375,2375823000
2026-01-14 09:30:00-05:00,23370.505859375,23586.349609375,23315.107421875,23564.59375,5864874000
2026-01-14 13:30:00-05:00,23476.26171875,23481.013671875,23306.673828125,23372.048828125,2511831000
2026-01-15 09:30:00-05:00,23688.798828125,23721.04296875,23602.345703125,23686.6484375,2485575000
2026-01-15 13:30:00-05:00,23528.8671875,23695.9921875,23502.17578125,23688.146484375,2182937000
2026-01-16 09:30:00-05:00,23560.7109375,23663.31640625,23447.31640625,23634.044921875,2448334000
2026-01-16 13:30:00-05:00,23514.41796875,23583.267578125,23513.9140625,23560.2578125,1928637000
2026-01-20 09:30:00-05:00,23072.453125,23235.3125,23070.53125,23149.810546875,2495099000
2026-01-20 13:30:00-05:00,22955.943359375,23075.400390625,22916.83203125,23070.611328125,2054409000
2026-01-21 09:30:00-05:00,22997.986328125,23260.150390625,22927.880859375,23007.357421875,2546657000
2026-01-21 13:30:00-05:00,23221.623046875,23382.40234375,22973.58203125,22999.97265625,2226267000
2026-01-22 09:30:00-05:00,23484.671875,23502.83203125,23335.70703125,23438.095703125,2588972000
2026-01-22 13:30:00-05:00,23432.3203125,23493.51171875,23376.166015625,23482.642578125,2146062000
2026-01-23 09:30:00-05:00,23531.462890625,23609.861328125,23376.056640625,23436.919921875,2426842000
2026-01-23 13:30:00-05:00,23498.52734375,23552.31640625,23474.8203125,23531.357421875,1859762000
2026-01-26 09:30:00-05:00,23662.296875,23688.939453125,23488.091796875,23508.47265625,2163603000
2026-01-26 13:30:00-05:00,23601.708984375,23679.310546875,23596.853515625,23661.55078125,1772024000
2026-01-27 09:30:00-05:00,23828.99609375,23849.94140625,23695.998046875,23728.650390625,2228776000
2026-01-27 13:30:00-05:00,23817.275390625,23865.259765625,23815.5859375,23829.337890625,1948970000
2026-01-28 09:30:00-05:00,23850.115234375,23986.90234375,23775.6171875,23955.181640625,2161384000
2026-01-28 13:30:00-05:00,23848.501953125,23905.162109375,23815.822265625,23851.23828125,2052242000
2026-01-29 09:30:00-05:00,23530.75,23832.208984375,23235.943359375,23825.3984375,2312426000
2026-01-29 13:30:00-05:00,23677.875,23695.015625,23506.79296875,23529.158203125,1974460000
2026-01-30 09:30:00-05:00,23537.53515625,23654.591796875,23513.234375,23581.83984375,83852000
2026-02-02 13:30:00-05:00,23591.876953125,23686.796875,23569.220703125,23677.373046875,4578242000
2026-02-03 09:30:00-05:00,23127.376953125,23691.6015625,23109.892578125,23672.744140625,2988394000
2026-02-03 13:30:00-05:00,23258.85546875,23262.05859375,23027.28515625,23124.544921875,2417718000
2026-02-04 09:30:00-05:00,22848.365234375,23268.212890625,22685.005859375,23224.408203125,5027322201
2026-02-04 13:30:00-05:00,22903.12890625,23008.80859375,22754.236328125,22847.7890625,2271334000
2026-02-05 09:30:00-05:00,22630.955078125,22838.025390625,22461.138671875,22604.095703125,2657848000
2026-02-05 13:30:00-05:00,22544.24609375,22725.54296875,22471.478515625,22634.375,2261738000
2026-02-06 09:30:00-05:00,22965.447265625,23011.37890625,22591.7109375,22627.525390625,2388095000
2026-02-06 13:30:00-05:00,23028.5859375,23088.3984375,22935.859375,22965.98828125,1941849000
2026-02-09 09:30:00-05:00,23230.552734375,23314.248046875,22878.369140625,22950.89453125,2148535000
2026-02-09 13:30:00-05:00,23232.701171875,23302.654296875,23219.84765625,23231.203125,1710839000
2026-02-10 09:30:00-05:00,23177.685546875,23309.833984375,23136.25390625,23256.447265625,2397270000
2026-02-10 13:30:00-05:00,23099.56640625,23199.712890625,23089.1015625,23178.76171875,1996618000
2026-02-11 09:30:00-05:00,23077.119140625,23317.466796875,22903.25,23277.294921875,4544365000
2026-02-11 13:30:00-05:00,23060.966796875,23153.07421875,23056.341796875,23077.732421875,2179457000
2026-02-12 09:30:00-05:00,22668.89453125,23159.5390625,22631.654296875,23155.0234375,2570029000
2026-02-12 13:30:00-05:00,22600.853515625,22740.701171875,22548.873046875,22666.28515625,1957379000
2026-02-13 09:30:00-05:00,22697.642578125,22741.904296875,22404.70703125,22578.552734375,2009165000
2026-02-13 13:30:00-05:00,22550.568359375,22733.779296875,22487.517578125,22693.056640625,1815405000
2026-02-17 09:30:00-05:00,22568.6328125,22576.890625,22256.759765625,22407.548828125,2012483000
2026-02-17 13:30:00-05:00,22586.32421875,22690.3203125,22551.5703125,22568.99609375,1712047000
2026-02-18 09:30:00-05:00,22835.025390625,22894.798828125,22600.193359375,22612.107421875,2075258000
2026-02-18 13:30:00-05:00,22745.333984375,22847.671875,22657.064453125,22835.65625,1828104000
2026-02-19 09:30:00-05:00,22620.287109375,22767.126953125,22586.494140625,22633.111328125,1778077000
2026-02-19 13:30:00-05:00,22681.3515625,22682.15625,22585.435546875,22620.1015625,1697400000
2026-02-20 09:30:00-05:00,22797.0390625,22948.123046875,22544.65625,22544.65625,2133449000
2026-02-20 13:30:00-05:00,22887.259765625,22931.904296875,22770.4453125,22796.677734375,1772565000
2026-02-23 09:30:00-05:00,22684.982421875,22893.220703125,22547.70703125,22860.07421875,2215270000
2026-02-23 13:30:00-05:00,22634.60546875,22694.265625,22550.384765625,22685.5625,1761063000
2026-02-24 09:30:00-05:00,22840.318359375,22893.556640625,22532.87890625,22637.74609375,2030193000
2026-02-24 13:30:00-05:00,22863.79296875,22895.37109375,22824.04296875,22840.162109375,1831021000
2026-02-25 09:30:00-05:00,23122.458984375,23139.7890625,23009.80859375,23009.80859375,3861082994
2026-02-25 13:30:00-05:00,23156.642578125,23169.68359375,23119.576171875,23122.0546875,1893370000
2026-02-26 09:30:00-05:00,22711.833984375,23107.537109375,22672.251953125,23107.537109375,2309688000
2026-02-26 13:30:00-05:00,22878.716796875,22892.869140625,22707.775390625,22711.294921875,2009549000
2026-02-27 09:30:00-05:00,22590.298828125,22734.400390625,22538.7265625,22613.748046875,2354802000
2026-02-27 13:30:00-05:00,22667.025390625,22682.86328125,22561.47265625,22586.7421875,1982401000
2026-03-02 09:30:00-05:00,22746.912109375,22787.22265625,22309.16015625,22315.236328125,2061924000
2026-03-02 13:30:00-05:00,22740.607421875,22802.568359375,22673.0234375,22747.376953125,1724867000
2026-03-03 09:30:00-05:00,22500.427734375,22521.609375,22125.919921875,22295.1015625,2610093000
2026-03-03 13:30:00-05:00,22515.64453125,22601.58984375,22475.416015625,22500.869140625,2125948000
2026-03-04 09:30:00-05:00,22840.505859375,22854.9765625,22570.666015625,22619.6484375,3140114000
2026-03-04 13:30:00-05:00,22803.51953125,22891.80078125,22800.0,22840.228515625,2212891000
2026-03-05 09:30:00-05:00,22513.4453125,22876.609375,22505.974609375,22703.7109375,2596885000
2026-03-05 13:30:00-05:00,22750.0625,22751.900390625,22500.8515625,22512.947265625,1963273000
2026-03-06 09:30:00-05:00,22533.427734375,22613.90625,22354.435546875,22428.037109375,2521666000
2026-03-06 13:30:00-05:00,22382.04296875,22557.763671875,22328.134765625,22533.93359375,2039667000
2026-03-09 09:30:00-04:00,22332.564453125,22454.658203125,22063.20703125,22193.1328125,2621024000
2026-03-09 13:30:00-04:00,22696.8125,22739.150390625,22298.62109375,22332.4765625,2115382000
2026-03-10 09:30:00-04:00,22902.64453125,22906.53125,22608.234375,22727.001953125,2362077000
2026-03-10 13:30:00-04:00,22698.185546875,22902.0546875,22652.8203125,22901.810546875,2001058000
2026-03-11 09:30:00-04:00,22718.23828125,22877.255859375,22625.40234375,22765.263671875,2304382000
2026-03-11 13:30:00-04:00,22712.998046875,22726.900390625,22602.328125,22720.9296875,1732518000
2026-03-12 09:30:00-04:00,22396.6640625,22550.74609375,22290.6015625,22513.455078125,2343235000
2026-03-12 13:30:00-04:00,22319.287109375,22432.44140625,22304.494140625,22398.802734375,1897985000
2026-03-13 09:30:00-04:00,22162.900390625,22521.376953125,22110.99609375,22411.078125,2200375000
2026-03-13 13:30:00-04:00,22102.90234375,22173.5234375,22069.537109375,22164.849609375,1713533000
2026-03-16 09:30:00-04:00,22396.181640625,22449.2421875,22320.064453125,22334.013671875,2330520000
2026-03-16 13:30:00-04:00,22374.76171875,22519.634765625,22347.025390625,22397.080078125,1871400000
2026-03-17 09:30:00-04:00,22471.2734375,22569.640625,22409.421875,22445.625,2219143000
2026-03-17 13:30:00-04:00,22486.857421875,22516.82421875,22449.12109375,22471.90234375,1937220000
2026-03-18 09:30:00-04:00,22304.326171875,22461.65234375,22278.21484375,22420.64453125,2278391000
2026-03-18 13:30:00-04:00,22150.24609375,22377.765625,22144.939453125,22304.380859375,1969178000
2026-03-19 09:30:00-04:00,21975.41796875,22077.103515625,21854.46875,21869.837890625,2089930000
2026-03-19 13:30:00-04:00,22090.224609375,22186.9921875,21941.056640625,21975.263671875,1812460000
2026-03-20 09:30:00-04:00,21775.060546875,21986.76953125,21772.259765625,21986.76953125,1943776000
2026-03-20 13:30:00-04:00,21650.212890625,21780.01171875,21523.34375,21777.03515625,1994130000
2026-03-23 09:30:00-04:00,21904.85546875,22188.1328125,21865.9140625,21978.419921875,2280562000
2026-03-23 13:30:00-04:00,21956.78515625,22056.61328125,21902.552734375,21904.896484375,1712228000
2026-03-24 09:30:00-04:00,21752.59375,21915.787109375,21714.296875,21785.759765625,2456708000
2026-03-24 13:30:00-04:00,21766.529296875,21882.142578125,21724.638671875,21752.640625,1909581000
2026-03-25 09:30:00-04:00,21982.9375,22093.1796875,21867.45703125,22013.34765625,2239960000
2026-03-25 13:30:00-04:00,21929.595703125,22031.09765625,21869.1484375,21982.46484375,1706849000
2026-03-26 09:30:00-04:00,21563.201171875,21821.125,21547.697265625,21684.240234375,2058036000
2026-03-26 13:30:00-04:00,21416.265625,21578.580078125,21396.845703125,21564.0078125,1779355000
2026-03-27 09:30:00-04:00,21010.9609375,21291.671875,21010.9609375,21291.103515625,2262637000
2026-03-27 13:30:00-04:00,20947.1953125,21031.859375,20909.93359375,21014.587890625,1932606000
2026-03-30 09:30:00-04:00,20833.404296875,21139.509765625,20827.974609375,21093.783203125,2271851000
2026-03-30 13:30:00-04:00,20792.837890625,20873.732421875,20690.482421875,20834.81640625,1944890000
2026-03-31 09:30:00-04:00,21491.078125,21553.279296875,21068.6484375,21069.205078125,2717621000
2026-03-31 13:30:00-04:00,21592.46875,21637.296875,21438.619140625,21494.548828125,2026738000
2026-04-01 09:30:00-04:00,21965.482421875,21982.53515625,21726.283203125,21743.431640625,2099535000
2026-04-01 13:30:00-04:00,21842.59375,21971.390625,21766.310546875,21965.359375,1750497000
2026-04-02 09:30:00-04:00,21822.71875,21904.775390625,21371.8984375,21475.39453125,2422269000
2026-04-02 13:30:00-04:00,21874.193359375,21883.154296875,21741.2109375,21823.576171875,1662013000
2026-04-06 09:30:00-04:00,21948.923828125,22047.765625,21864.71875,21937.916015625,2182752000
2026-04-06 13:30:00-04:00,21993.470703125,22001.40625,21899.220703125,21948.84765625,1781973000
2026-04-07 09:30:00-04:00,21851.056640625,21911.169921875,21614.138671875,21911.169921875,2834488000
2026-04-07 13:30:00-04:00,22024.796875,22024.796875,21755.041015625,21851.38671875,2075791000
2026-04-08 09:30:00-04:00,22645.32421875,22793.849609375,22503.435546875,22793.849609375,2708819000
2026-04-08 13:30:00-04:00,22637.896484375,22693.517578125,22526.107421875,22645.8515625,2055962000
2026-04-09 09:30:00-04:00,22808.41796875,22835.46484375,22529.23046875,22645.865234375,2322285000
2026-04-09 13:30:00-04:00,22819.296875,22836.748046875,22736.734375,22808.830078125,1844007000
2026-04-10 09:30:00-04:00,22856.86328125,23011.76953125,22845.3359375,22916.810546875,2499487000
2026-04-10 13:30:00-04:00,22901.060546875,22924.765625,22848.388671875,22853.193359375,1761420000
2026-04-13 09:30:00-04:00,23066.3359375,23072.744140625,22797.2265625,22846.91796875,2189132000
2026-04-13 13:30:00-04:00,23182.783203125,23187.265625,23040.58984375,23066.34375,1789439000
2026-04-14 09:30:00-04:00,23601.90625,23618.958984375,23345.88671875,23345.88671875,2540693000
2026-04-14 13:30:00-04:00,23634.107421875,23635.55078125,23536.599609375,23602.15234375,1897280000
2026-04-15 09:30:00-04:00,23868.419921875,23936.150390625,23673.923828125,23685.236328125,3099676000
2026-04-15 13:30:00-04:00,24010.78125,24026.5625,23847.841796875,23868.185546875,2151366000
2026-04-16 09:30:00-04:00,24073.505859375,24155.84375,23895.576171875,24058.0390625,2649455000
2026-04-16 13:30:00-04:00,24097.0,24108.68359375,23982.107421875,24072.990234375,1859657000
2026-04-17 09:30:00-04:00,24420.091796875,24518.859375,24288.306640625,24344.662109375,2691357000
2026-04-17 13:30:00-04:00,24466.5546875,24471.03515625,24397.958984375,24418.85546875,2022817000
2026-04-20 09:30:00-04:00,24348.541015625,24434.365234375,24221.734375,24413.6875,2339377000
2026-04-20 13:30:00-04:00,24407.99609375,24407.99609375,24337.09375,24348.42578125,1932346000
2026-04-21 09:30:00-04:00,24263.53125,24535.447265625,24237.25390625,24469.35546875,2847158000
2026-04-21 13:30:00-04:00,24260.310546875,24406.234375,24199.05078125,24263.568359375,1984425000
2026-04-22 09:30:00-04:00,24587.216796875,24607.60546875,24422.26953125,24456.71875,2236805000
2026-04-22 13:30:00-04:00,24656.025390625,24659.400390625,24555.259765625,24587.474609375,1762351000
2026-04-23 09:30:00-04:00,24376.162109375,24664.8671875,24370.6953125,24534.640625,2125822000
2026-04-23 13:30:00-04:00,24437.083984375,24483.25,24211.712890625,24375.4765625,1825117000
2026-04-24 09:30:00-04:00,24782.19140625,24823.951171875,24524.369140625,24603.650390625,2970734000
2026-04-24 13:30:00-04:00,24832.533203125,24854.033203125,24769.107421875,24780.103515625,1917852000
2026-04-27 09:30:00-04:00,24855.37890625,24858.0234375,24694.82421875,24792.599609375,2037736000
2026-04-27 13:30:00-04:00,24884.5859375,24899.365234375,24847.083984375,24855.125,1748761000
2026-04-28 09:30:00-04:00,24582.287109375,24722.724609375,24524.259765625,24593.75,2036114000
2026-04-28 13:30:00-04:00,24664.7265625,24710.0,24582.9921875,24582.9921875,1608538000
2026-04-29 09:30:00-04:00,24590.7109375,24723.796875,24533.01171875,24601.779296875,2026389000
2026-04-29 13:30:00-04:00,24679.060546875,24689.1484375,24536.673828125,24595.412109375,1845491000
2026-04-30 09:30:00-04:00,24782.119140625,24843.41796875,24492.02734375,24843.41796875,2105999000
2026-04-30 13:30:00-04:00,24897.5234375,24935.384765625,24782.140625,24782.140625,1854654000
2026-05-01 09:30:00-04:00,25186.455078125,25223.1171875,24967.671875,24967.671875,2034604000
2026-05-01 13:30:00-04:00,25109.98046875,25188.560546875,25093.080078125,25187.09375,1736210000
2026-05-04 09:30:00-04:00,25076.22265625,25209.892578125,24916.623046875,25126.466796875,2210677000
2026-05-04 13:30:00-04:00,25070.2109375,25112.31640625,25021.2734375,25076.5078125,1643583000
2026-05-05 09:30:00-04:00,25315.181640625,25334.8046875,25217.16015625,25263.37109375,4468036000
2026-05-05 13:30:00-04:00,25327.5,25360.8515625,25304.28515625,25315.34765625,1795692000
2026-05-06 09:30:00-04:00,25728.705078125,25741.13671875,25468.693359375,25492.150390625,4068683057
2026-05-06 13:30:00-04:00,25834.880859375,25850.060546875,25726.119140625,25726.806640625,2096101000
2026-05-07 09:30:00-04:00,25756.5078125,26036.25,25715.298828125,25876.29296875,2636219000
2026-05-07 13:30:00-04:00,25806.640625,25846.40234375,25731.4765625,25760.1015625,2031527000
2026-05-08 09:30:00-04:00,26209.31640625,26217.419921875,25944.9609375,25959.685546875,2794866000
2026-05-08 13:30:00-04:00,26239.748046875,26248.6171875,26160.14453125,26209.46875,2195674000
2026-05-11 09:30:00-04:00,26307.888671875,26359.2265625,26129.828125,26129.828125,3270268000
2026-05-11 13:30:00-04:00,26272.955078125,26344.439453125,26235.255859375,26306.439453125,2316746000
2026-05-12 09:30:00-04:00,25869.74609375,26186.546875,25739.224609375,26080.630859375,2474192000
2026-05-12 13:30:00-04:00,26090.302734375,26112.30859375,25866.896484375,25869.42578125,1968916000
2026-05-13 09:30:00-04:00,26411.24609375,26423.0078125,25992.7109375,26143.208984375,2563403000
2026-05-13 13:30:00-04:00,26404.744140625,26473.529296875,26375.416015625,26411.505859375,2295198000
2026-05-14 09:30:00-04:00,26591.908203125,26706.873046875,26424.509765625,26435.4765625,2956639000
2026-05-14 13:30:00-04:00,26634.103515625,26678.017578125,26586.51953125,26590.744140625,2428483000
2026-05-15 09:30:00-04:00,26400.625,26406.501953125,26098.115234375,26270.45703125,2563961000
2026-05-15 13:30:00-04:00,26221.521484375,26460.7578125,26208.150390625,26400.953125,2099929000
2026-05-18 09:30:00-04:00,26051.482421875,26307.98828125,25905.333984375,26263.091796875,2957633000
2026-05-18 13:30:00-04:00,26090.63671875,26104.63671875,25868.765625,26049.6875,2127606000
2026-05-19 09:30:00-04:00,26013.033203125,26050.111328125,25701.904296875,25920.556640625,2429419000
2026-05-19 13:30:00-04:00,25874.17578125,26038.78125,25825.720703125,26011.404296875,1963696000
2026-05-20 09:30:00-04:00,26198.201171875,26263.94921875,25928.677734375,25992.05078125,4164924000
2026-05-20 13:30:00-04:00,26269.388671875,26273.59765625,26182.806640625,26198.71875,1867405000
2026-05-21 09:30:00-04:00,26285.02734375,26325.837890625,26041.150390625,26136.458984375,2282361000
2026-05-21 13:30:00-04:00,26296.181640625,26403.076171875,26190.06640625,26283.982421875,1978875000
2026-05-22 09:30:00-04:00,26493.86328125,26502.515625,26309.80078125,26389.158203125,2741326000
2026-05-22 13:30:00-04:00,26346.2734375,26499.3984375,26313.759765625,26498.58984375,1954913000
2026-05-26 09:30:00-04:00,26561.9140625,26724.783203125,26520.298828125,26590.19921875,2512190000
2026-05-26 13:30:00-04:00,26652.78515625,26675.345703125,26553.28125,26561.224609375,1994939000
2026-05-27 09:30:00-04:00,26607.841796875,26711.359375,26538.630859375,26691.94921875,2538478000
2026-05-27 13:30:00-04:00,26676.603515625,26693.892578125,26599.806640625,26607.734375,2006803000
2026-05-28 09:30:00-04:00,26877.033203125,26897.681640625,26589.712890625,26694.142578125,2465625000
2026-05-28 13:30:00-04:00,26916.9140625,26934.705078125,26872.7421875,26878.296875,2096344000
2026-05-29 09:30:00-04:00,26975.044921875,27093.24609375,26861.3515625,26950.240234375,3117893000
2026-05-29 13:30:00-04:00,26976.353515625,27019.8125,26910.443359375,26974.263671875,2125454000
2026-06-01 09:30:00-04:00,27107.875,27107.875,26921.302734375,26938.404296875,2816552000
2026-06-01 13:30:00-04:00,27083.673828125,27189.681640625,27077.42578125,27109.05859375,2503273000
2026-06-02 09:30:00-04:00,27095.947265625,27171.244140625,26934.345703125,27017.888671875,2813609000
2026-06-02 13:30:00-04:00,27093.955078125,27102.658203125,27038.365234375,27095.373046875,2166179000
2026-06-03 09:30:00-04:00,26831.03515625,27130.875,26769.15625,27088.04296875,2425519000
2026-06-03 13:30:00-04:00,26862.9296875,26920.10546875,26809.744140625,26830.720703125,1981691000
2026-06-04 09:30:00-04:00,26863.3203125,26869.23828125,26560.17578125,26569.3828125,2388396000
2026-06-04 13:30:00-04:00,26835.20703125,26923.701171875,26835.20703125,26863.01953125,1890144000
2026-06-05 09:30:00-04:00,26045.599609375,26572.130859375,25984.138671875,26521.77734375,3393955000
2026-06-05 13:30:00-04:00,25713.67578125,26103.6328125,25652.41015625,26046.2265625,2613000000
2026-06-08 09:30:00-04:00,26075.294921875,26176.4609375,25901.84765625,26064.462890625,2696810000
2026-06-08 13:30:00-04:00,25931.560546875,26091.357421875,25872.744140625,26071.439453125,2545959000
2026-06-09 09:30:00-04:00,25393.130859375,26259.0859375,24980.376953125,26111.9375,3622281000
2026-06-09 13:30:00-04:00,25675.19140625,25709.05859375,25368.11328125,25391.474609375,2077744000
2026-06-10 09:30:00-04:00,25313.009765625,25725.619140625,25270.283203125,25522.865234375,2560807000
2026-06-10 13:30:00-04:00,25167.123046875,25421.51953125,25145.54296875,25316.041015625,2128068000
2026-06-11 09:30:00-04:00,25494.205078125,25494.205078125,25113.59765625,25303.7109375,2660724000
2026-06-11 13:30:00-04:00,25801.46484375,25845.56640625,25491.896484375,25541.953125,2469242000
2026-06-12 09:30:00-04:00,25928.197265625,26010.15625,25602.296875,25797.56640625,4521210000
2026-06-12 13:30:00-04:00,25889.744140625,25926.494140625,25819.974609375,25925.638671875,1857398000
2026-06-15 09:30:00-04:00,26676.044921875,26687.4765625,26452.009765625,26452.009765625,2843658000
2026-06-15 13:30:00-04:00,26686.63671875,26686.63671875,26612.126953125,26676.466796875,2287626000
2026-06-16 09:30:00-04:00,26528.845703125,26786.89453125,26472.880859375,26646.978515625,3016662000
2026-06-16 13:30:00-04:00,26380.849609375,26554.318359375,26371.111328125,26528.0234375,2400721000
2026-06-17 09:30:00-04:00,26386.56640625,26509.400390625,26261.38671875,26493.212890625,3285895000
2026-06-17 13:30:00-04:00,26027.205078125,26437.54296875,25961.681640625,26384.56640625,2908837000
2026-06-18 09:30:00-04:00,26448.205078125,26471.361328125,26190.150390625,26420.6875,3547127000
2026-06-18 13:30:00-04:00,26508.8984375,26559.4921875,26393.76953125,26450.146484375,2765489000
2026-06-22 09:30:00-04:00,26207.947265625,26557.951171875,26156.45703125,26486.021484375,3042969000
2026-06-22 13:30:00-04:00,26174.712890625,26267.265625,26126.169921875,26207.8984375,2527230000
2026-06-23 09:30:00-04:00,25803.39453125,25881.435546875,25521.298828125,25549.38671875,7242525000
2026-06-23 13:30:00-04:00,25589.01171875,25822.9765625,25576.236328125,25802.48046875,3270080000
2026-06-24 09:30:00-04:00,25489.197265625,25840.01953125,25485.58984375,25591.765625,7976882000
2026-06-24 13:30:00-04:00,25484.75390625,25570.701171875,25355.455078125,25489.24609375,3159607000
2026-06-25 09:30:00-04:00,25370.21484375,25723.046875,25123.42578125,25713.873046875,2551221000
2026-06-25 13:30:00-04:00,25356.56640625,25484.96484375,25280.005859375,25371.08203125,2060975000
2026-06-26 09:30:00-04:00,25423.53515625,25490.279296875,25015.38671875,25088.400390625,2856027000
2026-06-26 13:30:00-04:00,25206.568359375,25448.89453125,25206.568359375,25425.51953125,2383459000
2026-06-29 09:30:00-04:00,25759.6328125,25760.384765625,25289.763671875,25497.01171875,2504823000
2026-06-29 13:30:00-04:00,25815.138671875,25830.80078125,25743.15234375,25759.880859375,2113636000
2026-06-30 09:30:00-04:00,26159.12109375,26193.900390625,25814.27734375,25821.71875,2583851000
2026-06-30 13:30:00-04:00,26203.181640625,26252.125,26150.1484375,26161.484375,2168181000
2026-07-01 09:30:00-04:00,26159.140625,26236.318359375,25956.220703125,26040.66015625,2494087000
2026-07-01 13:30:00-04:00,26049.15625,26167.736328125,26022.146484375,26157.7109375,2099520000
2026-07-02 09:30:00-04:00,25701.24609375,26260.421875,25651.9453125,26047.083984375,4219842262
2026-07-02 13:30:00-04:00,25818.466796875,25846.798828125,25631.638671875,25700.736328125,2027896000
2026-07-06 09:30:00-04:00,26128.8515625,26209.267578125,25963.66015625,26011.912109375,2001943000
2026-07-06 13:30:00-04:00,26125.30859375,26186.35546875,26054.314453125,26127.787109375,1690565000
2026-07-07 09:30:00-04:00,25940.796875,26007.205078125,25686.06640625,25965.521484375,2188796000
2026-07-07 13:30:00-04:00,25819.58984375,25972.982421875,25752.08984375,25943.646484375,1881973000
2026-07-08 09:30:00-04:00,25845.796875,25847.4375,25526.806640625,25706.23046875,2108827000
2026-07-08 13:30:00-04:00,25868.28515625,25895.91796875,25748.71484375,25846.70703125,1832925000
2026-07-09 09:30:00-04:00,26183.845703125,26184.607421875,25826.666015625,25920.697265625,1872554000
2026-07-09 13:30:00-04:00,26203.48046875,26215.732421875,26161.427734375,26183.40234375,1735412000
2026-07-10 09:30:00-04:00,26269.529296875,26282.96484375,26012.0546875,26174.240234375,1878617000
2026-07-10 13:30:00-04:00,26278.69921875,26301.150390625,26261.52734375,26271.8984375,1432910000
2026-07-13 09:30:00-04:00,25920.599609375,26136.560546875,25892.033203125,26094.5546875,2045096000
2026-07-13 13:30:00-04:00,25878.7890625,25929.6875,25822.126953125,25923.697265625,1807128000
2026-07-14 09:30:00-04:00,26146.279296875,26160.787109375,25914.388671875,26011.802734375,1899810000
2026-07-14 13:30:00-04:00,26106.806640625,26168.8046875,26104.255859375,26147.806640625,1693679000
2026-07-15 09:30:00-04:00,26182.6640625,26315.39453125,26045.02734375,26261.470703125,2096599000
2026-07-15 13:30:00-04:00,26263.046875,26287.4453125,26179.53515625,26182.58203125,1713094000
2026-07-16 09:30:00-04:00,26046.533203125,26162.2734375,25970.482421875,26147.001953125,2345370000
2026-07-16 13:30:00-04:00,25889.14453125,26052.056640625,25765.453125,26047.123046875,2062244000
2026-07-17 09:30:00-04:00,25698.056640625,25702.48046875,25250.62890625,25415.193359375,2074597000
2026-07-17 13:30:00-04:00,25519.482421875,25702.8203125,25465.447265625,25698.388671875,1779907000
2026-07-20 09:30:00-04:00,25629.208984375,25815.599609375,25581.46875,25725.896484375,1885653000
2026-07-20 13:30:00-04:00,25510.265625,25681.1328125,25502.599609375,25629.876953125,1767010000
2026-07-21 09:30:00-04:00,25855.20703125,25874.24609375,25672.828125,25771.22265625,2169102000
2026-07-21 13:30:00-04:00,25829.607421875,25880.34375,25823.57421875,25855.45703125,1978517000
2026-07-22 09:30:00-04:00,25799.517578125,25840.86328125,25681.32421875,25692.11328125,2262724000
2026-07-22 13:30:00-04:00,25694.271484375,25811.857421875,25694.271484375,25798.431640625,1833398000
2026-07-23 09:30:00-04:00,25170.21484375,25356.333984375,24957.013671875,25240.646484375,2077967000
2026-07-23 13:30:00-04:00,25138.5703125,25169.185546875,25031.029296875,25168.43359375,1634983000
2026-07-24 09:30:00-04:00,25138.6875,25221.6484375,24920.2578125,25101.0234375,2063320000
2026-07-24 13:30:00-04:00,24981.705078125,25161.326171875,24922.111328125,25140.490234375,1799598000
2026-07-27 09:30:00-04:00,24808.453125,25260.26953125,24775.81640625,25239.263671875,2196939000
2026-07-27 13:30:00-04:00,24926.109375,24986.31640625,24807.095703125,24807.095703125,1624216000
2026-07-28 09:30:00-04:00,24930.580078125,24984.318359375,24582.060546875,24828.044921875,2350348000
2026-07-28 13:30:00-04:00,24874.451171875,24957.171875,24869.0703125,24929.431640625,1876263000
